,Type,Name,2/18,2/19,2/20,2/21,2/22,2/23,2/24,2/25,2/26,2/27,2/28,2/29,3/1,3/2,3/3,3/4,3/5,3/6,3/7,3/8,3/9,3/10,3/11,3/12,3/13,3/14,3/15,3/16,3/17,3/18,3/19,3/20,3/21,3/22,3/23,3/24,3/25,3/26,3/27,3/28,3/29,3/30,3/31,4/1,4/2,4/3,4/4,4/5,4/6,4/7,4/8,4/9,4/10,4/11,4/12,4/13,4/14,4/15,4/16,4/17,4/18,4/19,4/20,4/21,4/22,4/23,4/24,4/25,4/26,4/27,4/28,4/29,4/30,5/1,5/2,5/3,5/4,5/5,5/6,5/7,5/8,5/9,5/10,5/11,5/12,5/13,5/14,5/15,5/16,5/17,5/18,5/19,5/20,5/21,5/22,5/23,5/24,5/25,5/26,5/27,5/28,5/29,5/30,5/31,6/1,6/2,6/3,6/4,6/5,6/6,6/7,6/8,6/9,6/10,6/11,6/12,6/13,6/14,6/15,6/16,6/17,6/18,6/19,6/20,6/21,6/22,6/23,6/24,6/25,6/26,6/27,6/28,6/29,6/30,7/1,7/2,7/3,7/4,7/5,7/6,7/7,7/8,7/9,7/10,7/11,7/12,7/13,7/14,7/15,7/16,7/17,7/18,7/19,7/20,7/21,7/22,7/23,7/24,7/25,7/26,7/27,7/28,7/29,7/30,7/31,8/1,8/2,8/3,8/4,8/5,8/6,8/7,8/8,8/9,8/10,8/11,8/12,8/13,8/14,8/15,8/16,8/17,8/18,8/19,8/20,8/21,8/22,8/23,8/24,8/25,8/26,8/27,8/28,8/29,8/30,8/31,9/1,9/2,9/3,9/4,9/5,9/6,9/7,9/8,9/9,9/10,9/11,9/12,9/13,9/14,9/15,9/16,9/17,9/18,9/19,9/20,9/21,9/22,9/23,9/24,9/25,9/26,9/27,9/28,9/29,9/30,10/1,10/2,10/3,10/4,10/5,10/6,10/7,10/8,10/9,10/10,10/11,10/12,10/13,10/14,10/15,10/16,10/17,10/18,10/19,10/20,10/21,10/22,10/23,10/24,10/25,10/26,10/27,10/28,10/29,10/30,10/31,11/1,11/2,11/3,11/4,11/5,11/6,11/7,11/8,11/9,11/10,11/11,11/12,11/13,11/14,11/15,11/16,11/17,11/18,11/19,11/20,11/21,11/22,11/23,11/24,11/25,11/26,11/27,11/28,11/29,11/30,12/1,12/2,12/3,12/4,12/5,12/6,12/7,12/8,12/9,12/10,12/11,Us State
10,state,Arizona,0.0,1.0,8.0,4.0,-3.0,5.0,2.0,5.0,1.0,3.0,2.0,1.0,-2.0,-7.0,-10.0,0.0,-4.0,-3.0,-2.0,-3.0,-7.0,-14.0,-20.0,-18.0,-26.0,-24.0,-37.0,-54.0,-77.0,-93.0,-95.55,-97.96,-99.95,-99.96,-100.0,-99.94,-100.0,-99.9,-99.96,-100.0,-100.0,-99.96,-100.0,-100.0,-99.99,-100.0,-99.95,-100.0,-100.0,-100.0,-100.0,-100.0,-100.0,-100.0,-100.0,-100.0,-100.0,-100.0,-100.0,-100.0,-99.98,-100.0,-100.0,-100.0,-99.78,-100.0,-100.0,-100.0,-100.0,-100.0,-99.99,-100.0,-100.0,-100.0,-100.0,-100.0,-100.0,-100.0,-100.0,-100.0,-100.0,-100.0,-100.0,-76.75,-79.94,-78.98,-76.78,-73.65,-72.46,-72.66,-74.35,-71.06,-71.09,-65.36,-61.67,-59.9,-62.61,-60.81,-55.73,-54.41,-52.28,-48.03,-48.28,-61.97,-59.79,-55.8,-54.65,-50.97,-49.61,-47.03,-46.79,-37.36,-48.09,-48.15,-41.72,-41.04,-45.5,-69.29,-47.39,-54.89,-54.23,-50.79,-48.6,-48.45,-24.21,-53.18,-58.4,-60.21,-54.55,-55.59,-54.26,-58.21,-58.02,-59.05,-68.11,-64.43,-57.14,-70.47,-61.68,-65.54,-65.87,-67.18,-63.74,-62.71,-64.35,-64.15,-74.04,-71.19,-68.37,-65.47,-60.06,-60.75,-63.9,-67.86,-64.29,-63.28,-63.65,-56.49,-56.17,-58.74,-60.43,-58.46,-59.76,-56.36,-52.94,-53.31,-55.95,-58.63,-60.88,-59.78,-54.02,-51.66,-48.35,-52.76,-55.08,-57.42,-54.6,-50.1,-46.68,-45.25,-49.45,-51.66,-55.06,-51.67,-52.23,-41.34,-39.26,-45.46,-52.07,-51.25,-46.19,-38.31,-35.22,-39.58,-56.22,-66.09,-26.78,-32.66,-28.5,-28.82,-27.73,4.23,-1.21,-57.5,-44.5,-44.1,-33.41,-27.58,-34.96,-41.43,-45.33,-42.59,-36.81,-29.86,-26.54,-28.97,-35.36,-43.86,-38.0,-31.24,-25.68,-26.9,-26.12,-30.38,-46.47,-33.76,-27.56,-22.65,-17.35,-21.07,-27.1,-30.52,-34.82,-30.33,-24.32,-15.21,-25.86,-32.13,-38.25,-33.79,-28.31,-19.05,-11.3,-22.3,-36.92,-36.03,-31.62,-29.66,-11.14,-4.64,-22.57,-36.41,-33.29,-25.09,3.67,-23.81,-45.03,-31.7,-42.2,-54.0,-43.04,-36.16,-28.34,-20.97,-36.9,-51.52,-31.98,-18.7,-28.73,-23.15,-19.23,-29.02,-36.27,-38.49,-33.18,-33.51,-31.04,-21.02,-27.86,-33.26,-36.93,-37.11,-43.88,-33.95,-27.89,-33.71,-41.81,-47.47,-49.21,-45.77,-34.59,-27.31,-35.8,-44.55,-52.53,-46.43,-49.98,-39.69,state
15,state,California,-2.0,2.0,5.0,0.0,-2.0,7.0,3.0,6.0,4.0,3.0,5.0,9.0,-3.0,-6.0,-4.0,-3.0,-10.0,-8.0,-5.0,-5.0,-18.0,-27.0,-23.0,-38.0,-42.0,-47.0,-55.0,-70.0,-96.0,-99.0,-99.74,-99.99,-99.99,-99.99,-100.0,-99.99,-100.0,-100.0,-99.99,-100.0,-100.0,-99.98,-100.0,-100.0,-100.0,-100.0,-100.0,-100.0,-100.0,-100.0,-99.98,-100.0,-100.0,-100.0,-100.0,-100.0,-100.0,-99.98,-100.0,-100.0,-100.0,-100.0,-100.0,-100.0,-100.0,-100.0,-100.0,-100.0,-100.0,-100.0,-100.0,-100.0,-100.0,-100.0,-100.0,-100.0,-100.0,-100.0,-100.0,-99.98,-99.97,-99.98,-99.97,-99.95,-99.94,-99.89,-99.75,-99.63,-99.63,-99.67,-99.59,-99.62,-99.29,-99.19,-97.58,-96.3,-94.98,-93.35,-92.18,-90.97,-90.34,-87.68,-86.13,-85.93,-89.6,-88.14,-85.19,-85.05,-78.86,-76.98,-76.22,-78.72,-77.65,-75.19,-72.68,-69.99,-68.92,-79.07,-71.96,-69.08,-67.84,-66.36,-62.17,-60.04,-42.32,-66.78,-67.48,-64.88,-64.6,-60.84,-59.04,-62.34,-66.93,-66.71,-70.97,-64.42,-65.13,-77.41,-65.97,-69.71,-72.08,-72.13,-71.7,-69.11,-69.07,-68.42,-75.32,-76.26,-74.61,-73.76,-70.82,-69.01,-68.7,-74.16,-71.98,-72.12,-70.92,-67.37,-65.42,-64.88,-71.07,-69.79,-67.1,-66.89,-63.65,-62.46,-61.01,-67.98,-66.97,-65.49,-63.41,-59.24,-57.51,-58.27,-65.23,-63.24,-62.71,-62.83,-60.26,-59.87,-59.59,-65.73,-64.86,-65.47,-64.0,-58.67,-57.33,-58.72,-64.55,-60.58,-58.02,-54.06,-51.84,-51.93,-60.17,-70.01,-40.68,-44.52,-44.77,-43.81,-45.26,-37.55,-25.2,-60.26,-57.16,-57.22,-53.48,-49.3,-49.95,-56.48,-54.4,-50.73,-48.51,-43.12,-41.92,-41.33,-53.57,-51.92,-48.66,-46.12,-39.61,-37.91,-39.35,-46.08,-53.04,-45.89,-45.48,-42.3,-37.42,-40.59,-42.65,-47.02,-47.79,-44.92,-38.62,-34.29,-36.64,-46.71,-45.84,-43.58,-42.22,-35.08,-31.15,-36.0,-51.41,-49.86,-47.5,-46.89,-34.75,-29.59,-38.09,-55.05,-51.22,-40.06,-19.4,-35.05,-48.09,-38.85,-51.3,-60.21,-51.84,-46.42,-41.35,-45.43,-54.35,-63.63,-46.32,-31.55,-45.94,-44.27,-39.87,-40.33,-54.76,-61.45,-57.47,-55.57,-52.57,-50.32,-49.06,-57.49,-50.64,-51.65,-71.79,-59.96,-54.06,-53.3,-67.56,-68.37,-68.44,-69.74,-62.53,-55.55,-59.5,-92.51,-93.28,-92.18,-91.36,-91.02,state
16,state,Colorado,1.0,-8.0,-4.0,7.0,1.0,-8.0,-2.0,-4.0,-1.0,-2.0,0.0,22.0,26.0,-1.0,-6.0,-6.0,-4.0,-8.0,-10.0,-6.0,-13.0,-17.0,-8.0,-17.0,-41.0,-45.0,-52.0,-66.0,-98.0,-100.0,-100.0,-100.0,-100.0,-100.0,-100.0,-100.0,-100.0,-100.0,-100.0,-100.0,-100.0,-100.0,-100.0,-100.0,-100.0,-100.0,-100.0,-100.0,-100.0,-100.0,-100.0,-100.0,-100.0,-99.97,-100.0,-100.0,-100.0,-100.0,-100.0,-100.0,-100.0,-100.0,-100.0,-100.0,-100.0,-99.9,-100.0,-100.0,-100.0,-100.0,-100.0,-100.0,-100.0,-99.88,-100.0,-100.0,-99.93,-99.93,-99.99,-99.8,-99.97,-99.96,-100.0,-99.91,-99.86,-99.88,-99.6,-99.61,-99.67,-99.8,-99.84,-99.78,-99.63,-99.7,-99.75,-99.56,-99.05,-95.6,-94.24,-87.58,-83.29,-78.67,-80.61,-77.33,-74.31,-75.56,-71.98,-72.42,-65.12,-66.74,-64.56,-70.53,-66.35,-60.11,-56.71,-54.77,-55.9,-69.18,-57.77,-61.57,-58.05,-55.56,-46.95,-44.43,-28.51,-52.02,-52.82,-52.4,-48.17,-45.49,-35.53,-44.95,-50.47,-47.53,-52.01,-26.72,-38.67,-59.31,-36.23,-41.26,-42.62,-45.37,-45.5,-39.46,-39.59,-40.58,-43.75,-47.21,-42.51,-44.92,-38.56,-33.15,-39.26,-44.2,-45.16,-45.09,-41.99,-38.33,-36.22,-37.37,-37.1,-40.37,-39.95,-34.07,-35.03,-33.14,-33.94,-37.03,-34.09,-33.57,-36.72,-32.68,-31.05,-29.96,-37.46,-36.94,-34.02,-29.25,-32.88,-26.65,-26.52,-29.9,-33.85,-32.36,-27.54,-25.86,-19.96,-31.69,-35.27,-33.59,-32.23,-23.49,-25.05,-22.71,-42.52,-42.43,-7.33,-16.14,-12.11,-11.84,-5.15,32.79,4.31,-61.31,-45.73,-42.56,-27.07,-17.48,-13.25,-30.39,-27.33,-24.21,-23.5,-20.58,-10.39,-11.46,-23.3,-29.04,-22.87,-19.06,-15.59,-21.72,-17.43,-23.43,-28.28,-18.05,-23.67,-19.97,-16.98,-8.41,-13.28,-23.63,-22.72,13.96,-12.71,-10.78,-19.71,-29.26,-32.46,-31.35,-19.66,-19.32,-13.36,-24.18,-33.39,-35.78,-21.34,-37.39,-29.41,-21.12,-46.6,-55.77,-6.58,-15.5,-3.25,-29.72,-50.9,-38.25,-49.83,-56.38,-46.59,-43.75,-38.37,-36.88,-50.02,-63.5,-54.79,-41.4,-49.8,-41.74,-46.05,-43.17,-56.47,-57.85,-45.5,-26.91,-63.69,-66.65,-66.84,-57.4,-47.65,-65.19,-76.89,-67.73,-69.94,-74.91,-80.53,-87.24,-86.38,-80.08,-76.98,-70.41,-69.12,-78.86,-78.24,-74.16,-78.9,-82.0,state
17,state,Connecticut,8.0,26.0,1.0,-3.0,-6.0,2.0,-2.0,6.0,9.0,-8.0,-1.0,4.0,13.0,13.0,-9.0,-6.0,-7.0,-8.0,-8.0,0.0,-12.0,-20.0,-20.0,-43.0,-50.0,-58.0,-57.0,-55.0,-100.0,-100.0,-100.0,-100.0,-100.0,-100.0,-100.0,-100.0,-100.0,-100.0,-100.0,-100.0,-100.0,-100.0,-100.0,-100.0,-100.0,-100.0,-100.0,-100.0,-100.0,-100.0,-100.0,-100.0,-100.0,-100.0,-100.0,-100.0,-100.0,-100.0,-100.0,-100.0,-100.0,-100.0,-100.0,-100.0,-100.0,-100.0,-100.0,-100.0,-100.0,-100.0,-100.0,-100.0,-100.0,-100.0,-100.0,-100.0,-100.0,-100.0,-100.0,-100.0,-100.0,-100.0,-100.0,-98.75,-100.0,-100.0,-99.87,-99.65,-96.36,-95.77,-97.19,-99.28,-81.13,-81.62,-80.38,-92.84,-75.66,-62.32,-64.42,-62.86,-82.9,-80.46,-71.94,-62.79,-65.45,-74.14,-72.68,-59.84,-76.72,-63.81,-46.11,-50.09,-55.14,-56.5,-82.82,-56.99,-59.01,-72.23,-61.66,-59.75,-42.52,-43.34,-37.72,-36.78,6.36,-41.92,-44.31,-47.57,-39.97,-37.34,-47.06,-41.29,-41.04,-40.7,-51.57,-3.0,-38.55,-52.61,-30.58,-31.41,-47.78,-50.05,-32.65,-54.48,-30.25,-16.47,-35.6,-31.43,-29.85,-24.57,-38.19,-32.34,-27.81,-27.96,-31.41,-36.02,-39.62,-25.34,-23.44,-18.05,-28.99,-36.49,-18.65,-22.63,-19.14,-20.47,-30.55,-21.15,-71.12,-24.04,-28.33,-23.1,-16.13,-16.4,-17.32,-21.95,-21.45,-16.96,-8.06,-6.4,-30.44,-16.65,-12.37,-20.7,-7.42,-5.28,-9.54,0.31,-9.99,-8.52,13.89,-31.8,-1.69,-15.71,-13.39,-32.89,26.57,-10.64,15.38,16.62,-3.19,48.54,66.74,-22.57,-16.95,-32.99,-5.3,-0.94,-4.66,-7.51,-26.47,-8.19,-11.79,-9.22,-3.94,7.81,-28.95,-34.95,-11.24,6.11,4.01,4.12,15.79,-23.94,-30.41,-11.1,1.65,-18.25,-8.16,7.91,5.92,-26.28,-28.28,-14.14,-6.15,-1.06,-3.73,-34.02,-45.57,-13.14,-0.7,-33.17,-6.65,3.56,-30.38,-31.7,-30.12,-10.89,-9.82,-3.69,-2.74,-40.4,-35.34,-32.58,-16.24,-37.5,-47.22,-38.19,-55.61,-55.02,-43.32,-28.64,-15.54,-11.68,-6.19,-33.91,-3.66,-34.47,-50.23,-46.85,-36.6,-47.51,-57.59,-62.09,-60.3,-56.99,-45.86,-43.52,-43.73,-58.74,-57.1,-55.38,-64.65,-53.21,-42.23,40.98,-41.87,-61.07,-64.73,-58.5,-54.31,-59.89,-51.24,-65.71,-73.71,-65.05,-66.09,-50.47,state
18,state,Delaware,,,,,,,,,,,,,,,,,,,,,,,,,,,,,,,,,,,,,,,,,,,,,,,,,,,,,,,,,,,,,,,,,,,,,,,,,,,,,,,,,,,,,,,,,,,,,,,,,,,,,,,,,,,,,,,,,,,,,,,,,,,,,,,,,,,,,,,,,,,,,,,,,,,,,,,,,,,,,,,,,,,,,,,,,,,,,,,,,,,,,,,,,,,,,,,,,,,,,,,,,,,,,,,,,,,,,,,,,,,,,,,,,,,,,,,,,,,,,,,,,,,,,,,,,,,,,,,,,,,,,,,,,,-58.31,-27.99,-33.16,-50.38,-40.94,-32.54,-43.6,-53.78,-55.19,-47.31,-49.29,-40.33,-39.48,-46.57,-55.48,-61.34,-54.32,-69.36,-61.09,-49.18,-51.51,-61.99,-61.93,-65.08,-58.91,-54.1,-45.6,-59.67,-67.89,-73.03,-71.93,-67.28,-51.52,state
20,state,Florida,0.0,-3.0,-4.0,-5.0,2.0,2.0,2.0,5.0,3.0,4.0,2.0,0.0,-5.0,-10.0,-10.0,-8.0,-7.0,-5.0,-2.0,-5.0,-18.0,-18.0,-18.0,-23.0,-28.0,-31.0,-38.0,-47.0,-76.0,-84.0,-89.64,-97.11,-99.97,-99.99,-99.99,-100.0,-100.0,-100.0,-100.0,-100.0,-100.0,-100.0,-100.0,-100.0,-100.0,-100.0,-100.0,-100.0,-100.0,-100.0,-100.0,-100.0,-100.0,-100.0,-100.0,-100.0,-100.0,-100.0,-100.0,-100.0,-100.0,-100.0,-100.0,-100.0,-100.0,-100.0,-100.0,-99.99,-100.0,-100.0,-100.0,-100.0,-100.0,-100.0,-100.0,-100.0,-92.08,-92.75,-92.16,-91.3,-88.22,-89.26,-89.26,-87.16,-83.84,-83.05,-82.71,-81.29,-79.93,-80.44,-82.49,-77.09,-74.16,-71.62,-67.68,-66.35,-70.22,-70.33,-68.51,-62.98,-62.37,-57.56,-54.68,-60.5,-65.91,-64.34,-61.72,-58.19,-51.6,-51.92,-49.9,-55.38,-50.43,-51.02,-48.54,-40.73,-43.28,-64.71,-47.6,-43.89,-44.75,-49.6,-45.66,-41.31,-16.26,-52.08,-51.57,-52.86,-52.95,-47.38,-48.91,-50.07,-56.84,-55.83,-62.0,-54.55,-52.05,-66.28,-53.78,-55.01,-57.05,-59.87,-61.0,-56.55,-57.19,-58.92,-62.18,-60.67,-62.85,-60.74,-58.5,-57.01,-55.66,-62.23,-62.03,-63.04,-63.4,-55.39,-54.77,-54.77,-63.34,-60.84,-57.85,-56.98,-54.02,-62.86,-64.27,-63.29,-59.18,-58.1,-56.08,-49.02,-45.98,-47.16,-55.3,-54.66,-52.84,-51.86,-45.11,-43.25,-43.6,-53.98,-51.16,-53.53,-48.73,-44.44,-37.76,-40.88,-52.45,-47.3,-44.62,-31.16,-11.09,-13.39,-24.2,-31.48,5.81,3.34,-7.28,-20.03,-19.26,12.88,20.65,-44.03,-41.29,-36.23,-30.79,-36.0,-35.12,-41.99,-41.27,-36.85,-36.3,-29.48,-28.59,-30.77,-41.79,-37.84,-35.46,-33.62,-28.35,-27.49,-22.19,-37.96,-38.68,-31.53,-33.61,-30.95,-25.51,-26.27,-23.96,-31.5,-30.75,-30.42,-25.72,-22.38,-24.55,-35.79,-35.03,-34.28,-29.68,-25.56,-16.52,-22.31,-39.63,-38.79,-39.03,-33.19,-21.49,-17.13,-23.23,-37.81,-34.4,-25.72,-15.79,-25.62,-38.68,-25.8,-42.83,-48.08,-43.44,-37.56,-27.28,-28.32,-52.07,-58.06,-41.02,-38.16,-36.8,-23.14,-21.29,-21.63,-40.2,-38.3,-35.83,-34.91,-29.47,-22.97,-24.57,-31.4,-30.09,-32.48,-36.89,-30.08,-23.28,-23.38,-42.34,-41.34,-42.77,-40.94,-34.11,-24.58,-30.69,-48.07,-45.47,-41.67,-36.61,-30.42,state
21,state,Georgia,0.0,4.0,-6.0,-5.0,-2.0,-9.0,-9.0,2.0,-4.0,-4.0,2.0,-3.0,8.0,-12.0,-21.0,-17.0,-12.0,-3.0,-2.0,7.0,-4.0,-15.0,-17.0,-23.0,-34.0,-36.0,-47.0,-66.0,-88.0,-93.0,-95.43,-97.63,-98.89,-99.72,-99.82,-99.99,-100.0,-100.0,-100.0,-100.0,-100.0,-100.0,-100.0,-99.83,-100.0,-100.0,-100.0,-100.0,-100.0,-100.0,-100.0,-100.0,-100.0,-100.0,-100.0,-100.0,-100.0,-99.79,-99.8,-99.77,-100.0,-100.0,-100.0,-100.0,-100.0,-100.0,-100.0,-100.0,-100.0,-98.04,-97.91,-98.46,-97.85,-96.88,-96.87,-97.18,-96.34,-96.73,-96.32,-93.92,-93.74,-92.02,-91.61,-93.77,-92.28,-91.01,-89.5,-84.52,-83.71,-85.49,-89.02,-85.64,-85.73,-83.19,-76.91,-75.06,-78.01,-71.24,-79.37,-79.37,-76.13,-71.13,-72.7,-74.54,-78.2,-76.91,-75.68,-72.0,-69.08,-62.17,-66.22,-71.89,-69.56,-66.16,-61.37,-54.98,-54.06,-77.08,-59.62,-59.65,-59.96,-58.62,-50.35,-44.94,-23.32,-60.7,-64.22,-61.15,-56.58,-53.17,-53.08,-56.46,-59.95,-57.35,-60.11,-33.35,-48.02,-74.08,-56.42,-67.29,-66.84,-64.92,-64.33,-56.47,-55.1,-56.64,-65.17,-63.9,-60.96,-58.88,-52.98,-53.81,-53.0,-65.04,-63.42,-62.09,-58.81,-50.78,-50.5,-49.4,-60.38,-59.98,-58.02,-52.46,-45.19,-44.48,-48.42,-61.38,-58.5,-56.97,-54.5,-46.38,-41.99,-44.38,-59.65,-50.97,-51.37,-45.93,-41.94,-38.66,-38.27,-55.66,-58.07,-56.31,-52.8,-41.87,-32.98,-38.42,-58.63,-60.65,-50.37,-42.75,-33.24,-27.06,-52.21,-55.68,-27.99,-43.85,-37.59,-28.55,-18.44,4.03,-26.3,-57.69,-50.71,-47.17,-32.04,-24.18,-36.37,-52.23,-51.03,-54.17,-48.82,-28.3,-9.82,-26.08,-47.84,-44.78,-36.71,-42.98,-26.07,-24.51,-26.56,-45.53,-55.89,-42.6,-36.83,-22.07,-20.71,-22.82,-39.13,-40.07,-35.55,-31.72,-28.57,-27.6,-24.17,-42.2,-38.6,-37.76,-34.98,-22.43,-10.07,-24.74,-45.56,-45.04,-37.28,-33.25,-18.35,-18.12,-28.33,-52.06,-42.78,-31.94,1.87,-24.88,-36.5,-29.04,-50.87,-57.16,-51.91,-39.64,-24.2,-22.91,-38.89,-55.59,-50.69,-36.17,-41.35,-18.22,-15.93,-30.64,-53.46,-54.46,-46.47,-42.23,-29.66,-19.73,-31.3,-41.67,-38.53,-42.56,-47.22,-34.11,-24.67,-40.19,-56.92,-56.43,-55.85,-48.77,-46.03,-24.21,-39.43,-60.19,-59.23,-55.03,-49.36,-33.37,state
22,state,Hawaii,0.0,2.0,4.0,5.0,4.0,3.0,2.0,-1.0,9.0,6.0,4.0,-2.0,-2.0,-2.0,-5.0,-4.0,-5.0,-8.0,-6.0,-9.0,-8.0,-10.0,-11.0,-15.0,-14.0,-19.0,-26.0,-31.0,-47.0,-71.0,-82.86,-97.23,-98.74,-99.34,-99.8,-99.92,-100.0,-100.0,-100.0,-100.0,-100.0,-100.0,-100.0,-100.0,-100.0,-100.0,-100.0,-100.0,-100.0,-100.0,-100.0,-100.0,-100.0,-100.0,-100.0,-100.0,-100.0,-100.0,-100.0,-100.0,-100.0,-100.0,-100.0,-100.0,-100.0,-100.0,-100.0,-100.0,-100.0,-100.0,-100.0,-100.0,-100.0,-100.0,-100.0,-100.0,-100.0,-100.0,-100.0,-100.0,-100.0,-100.0,-100.0,-99.72,-99.99,-99.96,-99.91,-100.0,-99.99,-99.98,-99.88,-99.96,-100.0,-99.91,-99.96,-99.98,-99.94,-100.0,-100.0,-99.96,-99.87,-99.88,-100.0,-99.39,-98.67,-98.73,-98.31,-97.73,-91.93,-92.01,-93.62,-94.59,-95.27,-93.72,-92.77,-90.65,-90.27,-93.8,-94.79,-93.98,-93.11,-92.51,-89.2,-86.99,-82.34,-94.45,-93.49,-92.78,-92.74,-89.6,-88.72,-90.9,-94.39,-93.6,-92.87,-91.56,-88.14,-89.17,-90.32,-94.27,-94.87,-93.13,-91.46,-88.62,-87.79,-90.81,-94.99,-94.26,-92.23,-91.58,-87.73,-86.31,-89.3,-93.84,-93.66,-92.47,-91.69,-88.17,-89.8,-97.38,-93.93,-93.8,-92.94,-91.91,-89.1,-88.15,-89.55,-95.09,-95.03,-93.68,-93.04,-90.08,-88.18,-91.16,-95.05,-94.57,-93.77,-93.1,-89.7,-88.16,-90.52,-93.84,-93.15,-92.83,-92.43,-87.83,-86.6,-89.5,-94.04,-91.31,-83.62,-96.88,-95.89,-95.46,-96.43,-97.62,-97.25,-97.32,-96.42,-95.67,-95.05,-95.11,-96.1,-97.69,-96.83,-96.87,-95.35,-95.0,-96.11,-97.65,-96.92,-96.79,-95.67,-95.57,-95.19,-95.33,-97.45,-96.95,-96.69,-91.97,-87.62,-85.71,-88.69,-93.04,-92.81,-90.27,-90.66,-86.73,-84.06,-87.48,-91.27,-91.6,-91.64,-89.71,-83.62,-81.4,-85.9,-90.01,-91.79,-90.11,-88.39,-81.88,-78.72,-81.57,-85.97,-84.86,-82.91,-79.6,-72.42,-69.99,-74.34,-79.04,-80.2,-77.0,-72.2,-71.47,-71.77,-72.16,-76.83,-78.14,-74.75,-74.61,-70.01,-65.72,-72.53,-75.87,-70.12,-63.48,-68.42,-63.59,-63.9,-65.49,-69.19,-64.97,-65.98,-63.05,-59.71,-59.56,-63.0,-63.76,-62.43,-62.32,-66.93,-61.68,-58.63,-61.51,-63.66,-63.05,-65.19,-62.66,-57.99,-53.77,-60.34,-67.29,-70.13,-62.82,-62.64,-58.76,state
24,state,Illinois,-4.0,4.0,-2.0,-3.0,6.0,11.0,-5.0,-14.0,-14.0,-9.0,-6.0,0.0,2.0,-13.0,-12.0,-3.0,-5.0,-7.0,4.0,4.0,-21.0,-18.0,-22.0,-26.0,-35.0,-47.0,-51.0,-61.0,-100.0,-100.0,-99.99,-100.0,-100.0,-100.0,-99.99,-100.0,-100.0,-100.0,-100.0,-100.0,-100.0,-100.0,-100.0,-100.0,-100.0,-100.0,-100.0,-100.0,-100.0,-100.0,-100.0,-100.0,-100.0,-100.0,-100.0,-100.0,-100.0,-100.0,-100.0,-100.0,-100.0,-100.0,-100.0,-100.0,-100.0,-100.0,-100.0,-100.0,-100.0,-100.0,-100.0,-100.0,-100.0,-100.0,-100.0,-100.0,-100.0,-100.0,-100.0,-100.0,-100.0,-100.0,-100.0,-99.93,-99.96,-99.88,-99.98,-99.92,-99.95,-99.96,-100.0,-99.93,-99.96,-100.0,-99.97,-99.96,-99.88,-100.0,-100.0,-100.0,-99.98,-93.99,-92.58,-93.37,-96.28,-93.28,-91.2,-88.09,-85.47,-83.1,-79.99,-84.47,-93.53,-86.11,-74.88,-77.48,-77.17,-83.77,-77.61,-75.97,-72.12,-73.19,-72.92,-77.89,-56.99,-85.93,-73.91,-72.7,-68.68,-73.19,-58.38,-54.9,-72.93,-62.83,-62.32,-44.9,-56.05,-76.42,-59.48,-64.29,-70.03,-68.12,-69.32,-60.52,-56.72,-56.79,-68.03,-65.45,-74.68,-59.27,-58.29,-58.14,-64.06,-67.35,-71.39,-65.13,-61.34,-58.66,-54.99,-60.11,-67.47,-64.65,-66.42,-60.94,-55.59,-55.17,-60.19,-72.87,-64.09,-63.52,-60.36,-54.58,-49.23,-51.69,-79.2,-62.21,-58.59,-59.18,-53.2,-54.96,-46.17,-61.24,-56.46,-54.38,-56.03,-52.33,-46.61,-49.86,-56.73,-60.12,-59.24,-55.31,-50.44,-44.2,-57.87,-68.25,-50.73,-43.69,-43.27,-39.89,-41.93,-26.6,-25.81,-78.53,-71.3,-66.06,-54.67,-55.63,-42.6,-64.94,-57.03,-50.55,-54.15,-52.15,-43.03,-42.47,-62.5,-59.94,-54.37,-50.02,-33.24,-40.84,-41.41,-63.13,-64.09,-53.57,-59.31,-46.81,-47.19,-51.01,-59.15,-54.11,-50.56,-53.36,-36.07,-40.39,-46.15,-67.43,-60.19,-56.67,-60.14,-49.83,-47.26,-58.64,-69.16,-68.43,-62.91,-48.71,-62.51,-48.74,-62.19,-76.75,-69.41,-64.21,-38.59,-74.34,-80.21,-85.54,-86.23,-78.78,-71.86,-69.97,-61.33,-60.3,-58.14,-58.33,-85.5,-83.18,-81.87,-81.68,-81.99,-87.29,-91.61,-91.19,-89.23,-82.23,-82.75,-86.25,-88.41,-90.27,-90.95,-88.28,-92.39,-87.08,-81.12,-84.96,-92.63,-92.24,-90.18,-87.47,-83.12,-80.42,-85.8,-91.25,-89.94,-84.99,-82.92,-84.99,state
25,state,Indiana,21.0,13.0,-15.0,-8.0,3.0,13.0,6.0,3.0,-5.0,-8.0,-1.0,4.0,18.0,1.0,-3.0,3.0,5.0,1.0,4.0,4.0,-17.0,-11.0,-16.0,-29.0,-34.0,-48.0,-51.0,-67.0,-96.0,-97.0,-100.0,-100.0,-100.0,-100.0,-100.0,-100.0,-100.0,-100.0,-100.0,-100.0,-100.0,-100.0,-100.0,-100.0,-100.0,-100.0,-100.0,-100.0,-100.0,-100.0,-100.0,-100.0,-100.0,-100.0,-100.0,-100.0,-100.0,-100.0,-100.0,-100.0,-100.0,-100.0,-100.0,-100.0,-100.0,-100.0,-100.0,-100.0,-100.0,-100.0,-100.0,-100.0,-100.0,-100.0,-100.0,-100.0,-100.0,-100.0,-100.0,-100.0,-99.63,-100.0,-99.59,-83.82,-88.13,-85.29,-82.81,-79.85,-79.17,-83.65,-78.4,-76.13,-78.02,-74.39,-69.46,-73.17,-66.95,-53.98,-67.42,-64.77,-63.5,-63.94,-63.57,-69.24,-67.0,-64.96,-61.74,-55.99,-52.96,-53.74,-56.29,-55.35,-57.33,-53.35,-48.19,-36.79,-38.61,-70.96,-44.81,-48.51,-48.05,-40.86,-36.44,-36.52,6.63,-42.93,-41.01,-41.21,-43.15,-42.45,-40.52,-48.1,-54.36,-45.65,-48.44,-21.48,-36.02,-72.01,-40.21,-33.62,-38.59,-48.65,-48.85,-38.98,-36.71,-32.33,-46.3,-44.92,-41.46,-40.96,-34.99,-34.47,-45.82,-48.65,-43.37,-48.25,-41.6,-30.26,-31.35,-36.0,-48.46,-46.81,-50.19,-54.26,-40.47,-38.23,-41.24,-37.61,-39.65,-38.56,-32.28,-36.57,-33.92,-34.13,-55.63,-34.91,-37.73,-32.7,-24.24,-26.23,-31.37,-41.4,-43.37,-40.34,-38.42,-30.92,-33.65,-47.5,-42.6,-43.98,-41.52,-36.83,-28.34,-25.73,-40.46,-29.58,-4.92,-19.82,-15.23,-16.94,-16.85,13.26,-22.04,-53.66,-39.14,-37.36,-29.29,-20.86,-24.21,-40.0,-42.96,-41.94,-33.15,-18.76,-21.26,-37.36,-35.95,-41.57,-34.48,-34.19,-21.23,-19.31,-37.48,-45.35,-35.31,-37.95,-31.72,-25.42,-19.18,-31.09,-4.38,-29.04,-29.02,-28.21,-18.42,-10.86,-23.92,-35.35,-26.16,-24.21,-30.64,-20.06,-18.42,-37.29,-35.68,-31.12,-33.99,-18.89,-22.61,-18.65,-43.09,-42.97,-45.0,-43.53,-28.89,-36.44,-51.27,-29.69,-42.27,-43.18,-37.38,-30.01,-22.16,-24.83,-31.45,-32.9,-34.37,-19.32,-44.77,-42.17,-41.33,-52.4,-55.1,-58.55,-49.95,-50.96,-41.82,-38.88,-45.21,-49.48,-44.72,-51.01,-59.37,-52.22,-35.15,-50.25,-60.96,-61.41,-58.89,-52.38,-45.06,-42.26,-53.65,-63.89,-62.58,-65.98,-62.11,-50.25,state
27,state,Kansas,39.0,2.0,-14.0,-11.0,-4.0,-6.0,-12.0,-3.0,5.0,-20.0,-14.0,2.0,69.0,-13.0,-14.0,-8.0,-10.0,-10.0,-8.0,-9.0,-21.0,-6.0,-9.0,-1.0,-35.0,-39.0,-55.0,-67.0,-79.0,-94.0,-99.11,-98.83,-99.32,-99.78,-99.33,-99.6,-100.0,-100.0,-100.0,-100.0,-100.0,-100.0,-100.0,-100.0,-100.0,-100.0,-100.0,-100.0,-100.0,-100.0,-100.0,-100.0,-100.0,-100.0,-100.0,-100.0,-100.0,-100.0,-100.0,-100.0,-100.0,-100.0,-100.0,-100.0,-100.0,-100.0,-100.0,-100.0,-100.0,-100.0,-100.0,-100.0,-100.0,-100.0,-100.0,-100.0,-97.79,-98.68,-97.86,-98.69,-96.23,-97.61,-98.53,-87.04,-89.7,-88.14,-85.75,-83.49,-81.47,-87.7,-81.79,-79.91,-79.42,-76.49,-69.17,-73.37,-78.19,-74.26,-63.73,-67.29,-73.48,-56.09,-54.14,-67.96,-61.22,-64.94,-58.33,-62.05,-46.15,-42.35,-51.91,-59.02,-60.73,-52.98,-57.88,-45.54,-47.35,-78.4,-53.68,-51.02,-48.15,-41.33,-38.77,-34.2,-13.7,-56.1,-49.75,-50.36,-51.02,-45.33,-40.44,-49.98,-49.92,-52.76,-56.28,7.74,-52.08,-84.34,-64.27,-57.87,-62.38,-57.06,-61.95,-48.82,-52.85,-60.88,-62.65,-55.3,-60.51,-59.05,-56.6,-49.18,-70.26,-66.64,-65.54,-65.05,-57.54,-54.95,-49.23,-50.33,-62.4,-57.12,-60.74,-50.08,-39.34,-41.12,-52.15,-55.29,-50.1,-49.37,-55.06,-45.55,-39.26,-54.97,-49.81,-53.65,-51.04,-47.61,-44.03,-38.74,-47.53,-47.55,-52.82,-50.52,-44.29,-38.49,-28.0,-47.35,-46.8,-50.03,-47.52,-47.6,-35.75,-24.14,-57.78,-52.54,-17.35,-40.12,-29.02,-34.56,-22.37,-16.72,-38.06,-62.05,-52.58,-63.28,-36.48,-21.39,-23.72,-46.12,-39.06,-49.8,-34.27,-35.93,-30.57,-45.46,-50.13,-39.62,-46.93,-35.16,-26.83,-25.58,-37.1,-59.27,-45.12,-38.53,-34.3,-30.92,-26.13,-34.36,-44.19,-41.86,-42.56,-38.33,-32.51,-26.01,-35.1,-49.78,-35.1,-40.75,-36.62,-25.33,-26.26,-48.93,-63.2,-50.35,-49.36,-34.22,-38.82,-31.62,-56.82,-64.96,-56.9,-36.88,-14.23,-34.47,-60.13,-50.05,-49.61,-47.79,-56.27,-40.82,-32.96,-27.35,-68.68,-47.52,-48.94,-39.81,-54.1,-49.78,-47.91,-59.08,-54.53,-66.05,-61.45,-53.5,-51.65,-52.54,-61.96,-64.03,-65.76,-63.78,-67.87,-58.18,-50.87,-65.55,-64.68,-68.8,-68.34,-65.66,-51.9,-48.49,-57.83,-67.58,-64.03,-57.18,-56.26,-54.35,state
28,state,Kentucky,11.0,14.0,2.0,6.0,11.0,-2.0,2.0,-7.0,-14.0,-8.0,0.0,17.0,19.0,-5.0,0.0,-6.0,4.0,-3.0,1.0,3.0,-17.0,-21.0,-20.0,-26.0,-30.0,-46.0,-55.0,-74.0,-100.0,-100.0,-100.0,-100.0,-99.17,-97.97,-98.27,-97.77,-97.98,-98.2,-98.91,-97.93,-100.0,-99.34,-98.07,-100.0,-98.57,-96.86,-97.43,-97.8,-100.0,-98.85,-96.69,-100.0,-97.54,-97.16,-100.0,-100.0,-98.41,-96.79,-95.44,-97.52,-96.63,-97.31,-100.0,-96.98,-96.46,-97.37,-96.08,-96.99,-98.67,-100.0,-100.0,-100.0,-98.27,-97.21,-96.71,-100.0,-100.0,-97.66,-98.53,-96.4,-95.72,-96.67,-100.0,-100.0,-100.0,-98.57,-99.72,-100.0,-98.95,-98.13,-98.79,-99.93,-96.67,-95.3,-71.91,-73.85,-71.09,-64.23,-75.21,-75.75,-67.09,-68.54,-67.39,-61.89,-69.58,-74.24,-67.05,-64.62,-59.58,-57.22,-55.33,-60.43,-63.68,-58.36,-48.61,-49.84,-47.7,-70.47,-55.1,-57.8,-54.52,-49.85,-41.01,-43.5,-21.7,-45.21,-58.04,-54.04,-44.38,-41.11,-38.48,-42.9,-52.68,-49.63,-44.61,-12.97,-38.81,-67.51,-43.25,-64.12,-57.91,-54.43,-56.76,-50.31,-42.5,-52.14,-57.72,-54.93,-50.46,-50.71,-44.24,-39.31,-43.44,-61.45,-58.38,-57.3,-53.93,-46.79,-42.81,-42.68,-60.95,-47.86,-50.65,-52.35,-44.53,-43.32,-42.56,-57.11,-46.23,-47.49,-44.01,-40.7,-33.59,-36.9,-40.8,-43.23,-37.05,-37.05,-33.42,-28.86,-30.28,-43.65,-43.46,-30.09,-34.79,-27.78,-25.82,-24.65,-46.49,-55.45,-46.49,-37.28,-32.24,-13.41,-41.45,-48.48,-17.16,-27.97,-23.84,-19.25,-18.57,17.15,-17.88,-45.53,-39.55,-38.02,-40.8,-18.65,-29.95,-45.29,-46.59,-41.35,-39.35,-25.38,-20.7,-28.01,-37.14,-39.45,-58.0,-51.47,-38.36,-33.81,-24.51,-56.63,-54.7,-47.4,-40.42,-34.61,-31.27,-26.96,-31.45,-40.45,-38.53,-35.99,-30.79,-29.45,-37.73,-48.49,-44.78,-41.78,-51.69,-32.98,-25.03,-33.25,-53.43,-57.24,-38.39,-29.57,-30.43,-14.88,-32.07,-46.92,-41.54,-36.74,-3.23,-31.88,-52.51,-33.85,-51.79,-52.12,-48.45,-46.2,-30.21,-16.16,-24.5,-42.72,-39.05,-36.58,-43.43,-33.4,-26.23,-33.5,-49.96,-52.99,-43.36,-14.24,-70.16,-83.89,-85.71,-82.16,-79.94,-84.56,-92.91,-80.86,-78.56,-80.54,-91.28,-92.68,-88.88,-88.31,-85.11,-81.51,-80.27,-85.87,-86.29,-85.72,-79.73,-77.58,state
29,state,Louisiana,-6.0,2.0,9.0,10.0,2.0,11.0,80.0,78.0,4.0,-15.0,-10.0,-1.0,-19.0,-42.0,-53.0,-25.0,6.0,5.0,5.0,-2.0,-8.0,-13.0,-16.0,-23.0,-28.0,-34.0,-50.0,-55.0,-100.0,-100.0,-99.98,-100.0,-99.99,-100.0,-100.0,-100.0,-100.0,-100.0,-100.0,-100.0,-100.0,-99.99,-100.0,-100.0,-100.0,-99.99,-100.0,-100.0,-100.0,-100.0,-100.0,-100.0,-100.0,-100.0,-100.0,-100.0,-100.0,-100.0,-100.0,-100.0,-100.0,-100.0,-100.0,-100.0,-99.99,-100.0,-100.0,-100.0,-100.0,-100.0,-100.0,-100.0,-100.0,-100.0,-99.98,-100.0,-100.0,-99.94,-100.0,-99.85,-99.92,-99.95,-100.0,-100.0,-99.93,-99.56,-99.89,-92.02,-86.08,-86.9,-87.33,-84.73,-81.15,-78.95,-78.51,-79.59,-80.57,-85.61,-77.63,-70.92,-69.62,-64.37,-69.24,-72.53,-77.8,-74.49,-67.1,-62.1,-60.0,-66.05,-87.69,-79.89,-66.96,-62.76,-59.23,-53.32,-52.02,-69.81,-55.59,-55.01,-52.17,-57.68,-48.2,-52.37,-28.9,-59.94,-59.22,-59.36,-53.84,-46.02,-52.23,-54.65,-60.87,-44.53,-52.67,-52.84,-51.09,-69.65,-57.48,-64.85,-60.93,-41.78,-42.97,39.85,154.7,-14.64,-64.16,-55.68,-60.56,-62.72,-58.18,-52.61,-57.74,-59.72,-61.14,-59.24,-60.47,-55.19,-54.0,-57.83,-62.88,-59.7,-54.43,-51.03,-53.34,-53.22,-52.3,-61.79,-57.73,-50.95,-44.85,-41.87,-46.22,-48.11,-48.97,-43.41,-41.07,-41.85,-37.93,-37.62,-36.44,-49.51,-58.52,-47.72,-42.18,-39.08,-34.24,-54.71,-73.34,-69.32,-75.72,-67.78,-52.19,-44.97,-64.83,-66.77,-31.16,-29.93,-31.9,-29.14,-17.51,-20.57,-42.89,-58.34,-54.16,-45.65,-43.91,-36.87,-55.07,-76.91,-65.21,-50.0,-34.13,-33.23,-28.93,-40.72,-53.93,-54.61,-52.06,-45.8,-29.1,-40.8,-43.06,-63.34,-50.28,-42.46,-44.04,-35.31,-36.32,-42.3,-53.83,-49.7,-47.73,-60.49,-69.88,-39.03,-41.52,-66.37,-59.98,-44.96,-46.92,-27.49,-24.98,-34.36,-60.39,-56.12,-48.94,-48.73,-32.36,-28.11,-41.69,-62.52,-54.8,-72.57,-34.0,-38.61,-51.7,-41.1,-59.5,-58.51,-55.22,-50.82,-31.66,-23.32,-45.61,-59.26,-48.92,-36.23,-36.37,-30.11,-16.84,-26.68,-52.06,-57.43,-54.0,-44.22,-33.24,-26.89,-42.32,-54.0,-49.01,-51.56,-56.33,-51.53,-35.79,-55.33,-60.71,-59.23,-63.92,-59.78,-39.53,-33.55,-49.87,-66.22,-53.24,-53.03,-50.83,-44.2,state
31,state,Maine,,,,,,,,,,,,,,,,,,,,,,,,,,,,,,,,,,,,,,,,,,,,,,,,,,,,,,,,,,,,,,,,,,,,,,,,,,,,,,,,,,,,,,,,,,,,,,,,,,,,,,,,,,,,,,,,,,,,,,,,,,,,,,,,,,,,,,,,,,,,,,,,,,,,,,,,,,,,,,,,,,,,,,,,,,,,,,,,,,,,,,,,,,,,,,,,,,,,,,,,,,,,,,,,,,,,,,,,,,,,,,,,,,,,,,,,,,,,,,,,,,,,,,,,,,,,,,,,,,,,,,,,,,-59.39,-26.22,-16.81,-41.67,-50.92,-44.89,-46.16,-57.89,-68.37,-60.23,-61.73,-54.33,-56.7,-55.73,-75.53,-68.03,-72.72,-77.94,-69.4,-66.7,-48.02,-66.97,-56.47,-63.52,-68.8,-63.71,-80.25,-72.59,-77.05,-82.21,-76.77,-69.89,-62.71,state
33,state,Maryland,6.0,70.0,4.0,1.0,8.0,8.0,8.0,-3.0,-8.0,-1.0,10.0,0.0,25.0,-5.0,-4.0,11.0,-5.0,2.0,-2.0,-1.0,-6.0,-18.0,-21.0,-33.0,-37.0,-59.0,-67.0,-71.0,-100.0,-100.0,-100.0,-100.0,-100.0,-100.0,-100.0,-100.0,-100.0,-100.0,-100.0,-100.0,-100.0,-100.0,-100.0,-100.0,-100.0,-100.0,-100.0,-100.0,-100.0,-100.0,-100.0,-100.0,-100.0,-100.0,-100.0,-100.0,-100.0,-100.0,-100.0,-100.0,-100.0,-100.0,-100.0,-100.0,-100.0,-100.0,-100.0,-100.0,-100.0,-100.0,-100.0,-100.0,-100.0,-100.0,-100.0,-100.0,-100.0,-100.0,-100.0,-100.0,-100.0,-100.0,-100.0,-100.0,-100.0,-100.0,-99.82,-99.94,-99.97,-100.0,-99.17,-99.52,-98.86,-98.31,-98.62,-99.19,-99.6,-99.92,-99.61,-99.13,-99.23,-96.41,-93.74,-94.41,-91.57,-92.32,-89.33,-89.97,-92.52,-85.64,-82.92,-81.32,-84.65,-86.83,-87.53,-77.2,-78.46,-86.85,-75.06,-74.27,-83.5,-73.58,-73.66,-72.31,-56.62,-75.47,-73.09,-68.8,-68.02,-64.04,-66.96,-68.94,-69.2,-62.77,-67.18,-62.8,-64.53,-78.63,-69.92,-71.05,-72.56,-71.49,-63.82,-67.21,-66.18,-68.36,-68.68,-68.6,-65.23,-63.87,-62.67,-61.18,-68.72,-71.02,-68.89,-77.68,-71.13,-70.88,-65.93,-68.1,-67.61,-71.33,-67.47,-68.43,-71.32,-67.44,-69.29,-78.56,-76.31,-62.17,-70.85,-65.28,-59.76,-65.84,-67.98,-65.77,-69.8,-67.94,-63.17,-59.16,-62.04,-65.59,-57.67,-59.71,-56.3,-52.94,-55.71,-60.11,-56.26,-56.35,-49.57,-54.23,-58.54,-56.36,-56.15,-78.9,-47.27,-49.27,-56.32,-46.19,-48.67,-33.15,-10.84,-64.29,-66.04,-68.82,-55.24,-49.33,-53.0,-60.94,-58.84,-57.25,-57.69,-51.19,-49.23,-52.08,-58.84,-58.3,-50.37,-56.03,-54.32,-53.55,-50.14,-51.38,-61.99,-49.24,-51.45,-48.76,-47.59,-46.14,-42.42,-47.8,-46.23,-53.25,-44.03,-44.32,-58.25,-66.64,-59.69,-40.11,-37.27,-53.3,-43.95,-38.65,-56.17,-49.48,-45.63,-48.11,-40.32,-38.27,-60.71,-61.81,-55.5,-44.88,-42.01,-50.82,-63.84,-63.83,-60.04,-57.2,-54.76,-48.71,-42.04,-39.69,-45.36,-67.46,-40.33,-52.9,-66.56,-55.93,-53.41,-61.58,-63.19,-70.82,-69.3,-70.08,-64.59,-60.11,-67.63,-70.47,-71.1,-72.2,-75.37,-73.44,-65.31,-55.08,-76.11,-76.7,-74.8,-71.92,-71.15,-66.54,-68.98,-78.87,-76.17,-75.88,-71.84,-68.3,state
34,state,Massachusetts,0.0,7.0,5.0,-7.0,-1.0,11.0,4.0,1.0,1.0,5.0,-2.0,26.0,-1.0,13.0,-4.0,-5.0,4.0,-6.0,-5.0,13.0,-13.0,-22.0,-25.0,-41.0,-52.0,-41.0,-53.0,-76.0,-100.0,-100.0,-100.0,-100.0,-100.0,-100.0,-100.0,-100.0,-100.0,-100.0,-100.0,-100.0,-100.0,-100.0,-100.0,-100.0,-100.0,-100.0,-100.0,-100.0,-100.0,-100.0,-100.0,-100.0,-100.0,-100.0,-100.0,-100.0,-100.0,-100.0,-100.0,-100.0,-100.0,-100.0,-100.0,-100.0,-100.0,-100.0,-100.0,-100.0,-100.0,-100.0,-100.0,-100.0,-100.0,-100.0,-100.0,-100.0,-100.0,-100.0,-100.0,-100.0,-100.0,-100.0,-100.0,-100.0,-99.96,-99.89,-99.88,-99.82,-99.85,-99.85,-99.78,-99.94,-99.93,-99.89,-99.85,-100.0,-99.99,-100.0,-99.96,-99.96,-99.88,-99.96,-100.0,-99.46,-99.67,-99.54,-99.75,-99.65,-99.54,-99.09,-99.07,-86.94,-85.31,-82.3,-89.56,-78.72,-77.24,-82.83,-77.56,-74.03,-72.58,-71.64,-71.76,-72.51,-63.51,-70.92,-66.26,-68.22,-61.08,-57.54,-61.95,-65.33,-72.04,-66.19,-61.4,-37.45,-54.23,-67.9,-57.7,-55.39,-55.96,-62.31,-57.37,-57.72,-50.1,-53.94,-64.8,-64.13,-54.14,-52.37,-53.25,-47.71,-57.1,-59.99,-55.24,-59.43,-63.22,-45.62,-47.77,-49.53,-62.82,-59.02,-52.46,-54.14,-43.61,-41.74,-49.15,-57.97,-73.29,-51.93,-50.78,-44.49,-37.74,-47.51,-57.76,-55.69,-54.4,-50.37,-42.35,-39.28,-51.41,-51.63,-49.1,-48.69,-42.0,-36.81,-36.81,-48.74,-51.48,-46.69,-32.99,-52.38,-31.45,-42.56,-43.19,-57.93,-21.0,-46.5,-32.7,-25.04,-32.78,-10.03,4.52,-54.69,-46.81,-54.35,-37.14,-27.71,-36.62,-50.71,-50.9,-46.94,-41.62,-40.34,-32.5,-35.06,-59.6,-60.21,-42.61,-36.51,-30.83,-29.02,-35.01,-50.63,-47.81,-48.77,-40.47,-39.76,-25.59,-27.85,-54.73,-53.02,-57.03,-41.84,-30.27,-23.25,-36.82,-57.7,-71.43,-47.84,-36.41,-48.35,-32.66,-40.85,-63.46,-57.95,-53.67,-43.23,-33.58,-27.24,-31.35,-70.9,-62.95,-59.63,-45.83,-59.96,-56.18,-55.25,-72.2,-68.77,-66.56,-48.46,-43.65,-34.45,-45.85,-68.95,-40.08,-41.5,-66.33,-59.49,-47.78,-48.39,-71.42,-72.71,-71.32,-69.03,-53.11,-49.84,-51.48,-78.51,-71.67,-62.13,-67.88,-67.03,-53.68,-34.61,-75.35,-65.94,-76.42,-74.61,-61.2,-79.25,-62.8,-80.54,-80.62,-78.5,-76.28,-65.07,state
36,state,Michigan,-12.0,0.0,-9.0,-12.0,0.0,18.0,1.0,-8.0,-27.0,-19.0,-12.0,-6.0,-4.0,4.0,-13.0,-1.0,-4.0,-9.0,6.0,1.0,-14.0,-10.0,-18.0,-21.0,-43.0,-49.0,-54.0,-78.0,-100.0,-100.0,-100.0,-100.0,-100.0,-100.0,-100.0,-100.0,-100.0,-100.0,-100.0,-100.0,-100.0,-100.0,-100.0,-100.0,-100.0,-100.0,-100.0,-100.0,-100.0,-100.0,-100.0,-100.0,-100.0,-100.0,-100.0,-100.0,-100.0,-100.0,-100.0,-100.0,-100.0,-100.0,-100.0,-100.0,-100.0,-100.0,-100.0,-100.0,-100.0,-100.0,-100.0,-100.0,-100.0,-100.0,-100.0,-100.0,-100.0,-100.0,-100.0,-100.0,-100.0,-100.0,-100.0,-100.0,-99.7,-100.0,-99.94,-99.99,-99.91,-99.94,-100.0,-100.0,-100.0,-100.0,-98.51,-98.44,-97.81,-98.32,-98.82,-98.5,-98.68,-98.26,-98.11,-96.31,-96.56,-95.62,-96.66,-95.42,-94.02,-92.43,-92.07,-59.26,-67.37,-68.73,-60.93,-58.2,-56.3,-76.45,-57.02,-57.05,-53.17,-51.79,-47.21,-42.22,-14.78,-49.94,-50.7,-46.98,-46.47,-44.79,-38.13,-41.74,-46.66,-45.15,-48.74,-7.17,-40.56,-67.71,-47.03,-41.14,-49.04,-44.75,-48.71,-49.71,-42.91,-40.45,-45.86,-45.93,-46.98,-49.23,-41.43,-42.0,-47.84,-44.24,-45.06,-45.05,-42.36,-37.48,-38.5,-42.65,-43.84,-41.62,-40.23,-35.92,-36.68,-36.06,-43.63,-44.49,-42.56,-36.88,-35.29,-33.0,-34.47,-35.19,-42.93,-32.83,-30.69,-33.51,-31.71,-31.28,-26.07,-30.47,-28.66,-28.73,-31.35,-31.03,-29.0,-27.29,-19.66,-26.57,-26.6,-25.84,-24.05,-15.88,-40.08,-22.2,0.26,-13.25,-14.69,-23.97,-28.14,-3.17,-9.02,-50.72,-35.21,-35.48,-28.45,-24.67,-25.13,-30.72,-28.36,-24.35,-30.08,-28.12,-20.96,-19.69,-29.31,-23.09,-21.16,-26.06,-22.43,-24.66,-19.05,-34.92,-27.88,-26.53,-31.44,-36.0,-31.41,-33.61,0.76,-33.01,-22.36,-24.15,-20.29,-20.77,-21.31,-30.6,-26.36,-28.27,-26.93,-29.67,-25.19,-27.74,-36.43,-36.35,-35.36,-36.13,-35.43,-23.22,-32.4,-46.93,-40.74,-35.2,15.98,-38.29,-60.2,-35.54,-43.9,-44.6,-44.34,-44.67,-34.98,-30.88,-28.79,-4.31,-33.48,-24.0,-42.1,-48.44,-41.03,-51.93,-43.13,-21.1,-97.75,-94.9,-94.11,-93.48,-95.82,-95.8,-96.86,-95.6,-93.91,-95.24,-93.46,-93.65,-97.21,-96.97,-95.73,-95.94,-95.1,-93.52,-94.54,-96.94,-96.86,-95.79,-93.39,-93.13,state
37,state,Minnesota,-11.0,51.0,-15.0,-9.0,17.0,22.0,2.0,19.0,-1.0,7.0,33.0,1.0,-1.0,-9.0,-2.0,-3.0,-17.0,-12.0,59.0,13.0,-17.0,-12.0,-18.0,-24.0,-30.0,-43.0,-51.0,-72.0,-98.0,-100.0,-100.0,-100.0,-100.0,-100.0,-100.0,-100.0,-100.0,-100.0,-100.0,-100.0,-100.0,-100.0,-100.0,-100.0,-100.0,-100.0,-100.0,-100.0,-100.0,-100.0,-100.0,-100.0,-100.0,-100.0,-100.0,-100.0,-100.0,-100.0,-100.0,-100.0,-100.0,-100.0,-100.0,-100.0,-100.0,-100.0,-100.0,-100.0,-100.0,-100.0,-100.0,-100.0,-100.0,-100.0,-100.0,-100.0,-100.0,-100.0,-100.0,-100.0,-100.0,-100.0,-100.0,-99.56,-99.63,-100.0,-99.89,-100.0,-99.38,-99.4,-99.49,-99.58,-99.46,-99.68,-99.72,-99.75,-99.75,-100.0,-98.52,-98.67,-98.83,-99.16,-99.14,-99.21,-75.06,-84.91,-76.04,-75.62,-75.08,-76.61,-70.59,-73.08,-87.06,-59.36,-52.37,-51.24,-51.25,-68.33,-50.32,-49.52,-47.22,-58.47,-44.02,-43.28,-24.96,-49.84,-45.9,-41.16,-42.2,-44.06,-40.54,-47.87,-45.59,-37.38,-29.58,-22.72,-38.15,-63.36,-45.39,-42.37,-42.55,-50.22,-49.46,-38.98,-41.67,-39.36,-48.56,-55.73,-47.72,-45.9,-46.34,-49.83,-39.18,-43.14,-49.2,-43.48,-38.82,-43.24,-46.08,-45.51,-40.85,-44.95,-44.7,-45.26,-44.7,-48.91,-45.32,-48.93,-46.59,-49.85,-47.03,-39.31,-45.14,-42.92,-40.89,-41.59,-47.43,-38.97,-46.76,-30.54,-36.43,-39.54,-37.37,-37.23,-31.3,-30.72,-31.52,-29.95,-38.43,-34.61,-29.02,-23.88,-24.15,-24.24,-36.72,-29.1,-11.24,-12.98,-19.29,-21.95,-25.54,-1.84,-13.59,-53.51,-47.81,-34.77,-38.43,-29.6,-21.5,-28.95,-23.29,-27.88,-36.16,-31.05,-33.25,-32.03,-37.42,-25.66,-22.26,-26.73,-25.65,-33.72,-26.06,-32.57,-39.21,-34.17,-35.46,-33.92,-36.64,-36.17,-27.13,-26.98,-31.99,-29.12,-30.14,-33.68,-42.01,-40.17,-43.47,-41.93,-39.7,-38.49,-33.4,-33.01,-46.94,-69.62,-52.21,-54.18,-38.27,-31.24,-41.76,-48.5,-47.97,-41.25,-10.92,-42.49,-61.29,-45.5,-49.59,-52.88,-44.29,-44.54,-38.4,-41.16,-45.47,-62.43,-70.83,-52.41,-64.37,-58.66,-55.93,-60.61,-63.45,-65.92,-55.64,-44.33,-44.63,-98.16,-98.88,-99.53,-99.74,-98.58,-96.13,-98.76,-98.22,-99.14,-99.69,-99.77,-98.55,-98.79,-99.13,-98.9,-99.59,-99.33,-99.97,-99.61,-99.3,-99.18,state
38,state,Missouri,32.0,17.0,-1.0,3.0,1.0,-3.0,-7.0,-2.0,-11.0,-8.0,-13.0,2.0,72.0,8.0,0.0,-3.0,4.0,0.0,-5.0,-10.0,-13.0,-10.0,-12.0,-25.0,-29.0,-42.0,-45.0,-65.0,-88.0,-90.0,-97.25,-99.79,-99.98,-100.0,-100.0,-100.0,-100.0,-100.0,-100.0,-100.0,-100.0,-100.0,-100.0,-100.0,-100.0,-100.0,-100.0,-100.0,-100.0,-100.0,-100.0,-100.0,-100.0,-100.0,-100.0,-100.0,-100.0,-100.0,-100.0,-100.0,-100.0,-100.0,-100.0,-100.0,-100.0,-100.0,-100.0,-100.0,-100.0,-100.0,-100.0,-100.0,-100.0,-100.0,-99.81,-100.0,-99.05,-99.08,-98.66,-98.25,-97.36,-97.54,-97.83,-97.72,-97.59,-97.06,-97.19,-91.68,-89.11,-91.21,-86.32,-85.47,-84.5,-81.75,-75.59,-77.77,-79.55,-75.1,-76.04,-76.59,-75.77,-69.96,-73.47,-80.84,-77.26,-78.44,-78.5,-73.93,-68.42,-68.83,-67.91,-70.09,-69.17,-61.66,-63.38,-58.52,-57.74,-77.62,-61.52,-63.22,-60.45,-61.6,-53.74,-56.81,-34.55,-66.42,-59.44,-55.54,-56.33,-53.78,-54.9,-61.62,-60.79,-63.36,-57.06,-24.29,-55.61,-75.59,-56.98,-62.0,-61.21,-62.8,-59.34,-54.99,-54.12,-59.03,-65.83,-65.24,-64.41,-60.42,-59.77,-53.13,-59.11,-65.08,-65.67,-61.68,-59.94,-55.95,-51.67,-55.49,-60.17,-59.6,-64.75,-54.05,-49.08,-50.63,-49.32,-52.5,-52.4,-50.53,-52.21,-45.56,-44.87,-53.35,-56.49,-55.9,-52.14,-48.19,-48.63,-43.55,-39.46,-47.39,-48.13,-50.13,-45.76,-41.84,-40.01,-43.04,-47.93,-56.97,-52.49,-42.32,-33.05,-42.72,-59.34,-61.47,-32.82,-38.93,-36.43,-32.66,-32.08,7.07,-27.15,-61.08,-51.28,-55.84,-39.78,-31.08,-36.23,-50.34,-53.89,-49.01,-46.58,-37.95,-36.66,-42.39,-49.83,-51.83,-49.45,-46.02,-38.21,-35.14,-41.93,-52.8,-49.22,-40.18,-45.07,-35.58,-35.8,-33.42,-52.04,-51.06,-41.19,-35.89,-27.74,-29.35,-41.5,-46.1,-43.84,-41.71,-42.21,-36.44,-31.49,-47.44,-60.56,-54.05,-50.17,-31.66,-40.87,-38.71,-49.02,-65.92,-55.75,-42.15,-17.55,-42.72,-65.56,-50.72,-49.0,-57.32,-53.87,-48.8,-35.54,-38.07,-48.79,-35.01,-50.83,-43.42,-53.13,-46.57,-45.88,-50.7,-51.81,-75.95,-69.91,-59.13,-60.11,-59.69,-65.29,-68.1,-68.03,-68.12,-63.97,-60.2,-58.68,-63.6,-66.99,-76.03,-73.52,-71.58,-61.21,-56.81,-59.04,-70.69,-74.27,-66.59,-65.58,-64.24,state
39,state,Nebraska,30.0,8.0,6.0,-1.0,163.0,60.0,4.0,3.0,-16.0,-6.0,-15.0,5.0,-2.0,16.0,-14.0,1.0,-1.0,-18.0,-10.0,-4.0,-34.0,-11.0,-16.0,-2.0,-31.0,-32.0,-44.0,-59.0,-95.0,-100.0,-99.47,-99.88,-99.89,-99.75,-99.79,-99.88,-100.0,-100.0,-100.0,-100.0,-100.0,-100.0,-100.0,-100.0,-100.0,-100.0,-100.0,-100.0,-100.0,-100.0,-100.0,-100.0,-100.0,-100.0,-100.0,-100.0,-100.0,-100.0,-100.0,-100.0,-100.0,-100.0,-100.0,-100.0,-100.0,-100.0,-100.0,-100.0,-100.0,-100.0,-100.0,-100.0,-100.0,-100.0,-100.0,-100.0,-85.69,-93.49,-92.93,-91.09,-88.93,-88.94,-90.35,-92.35,-88.56,-89.66,-86.59,-84.27,-82.66,-85.69,-86.24,-85.11,-85.96,-79.65,-76.1,-75.75,-80.46,-73.11,-70.32,-74.77,-73.74,-68.85,-66.33,-81.36,-80.83,-79.16,-68.87,-69.34,-61.1,-65.44,-66.31,-54.54,-70.47,-60.95,-59.05,-58.72,-57.73,-75.91,-64.74,-66.47,-59.43,-58.62,-50.7,-40.48,-44.71,-54.8,-55.94,-50.28,-53.62,-40.76,-40.98,-45.48,-55.87,-44.99,-45.67,31.01,-50.22,-79.96,-42.19,-45.95,-54.88,-47.39,-46.87,-36.72,-33.23,-43.42,-47.2,-55.63,-50.77,-47.64,-45.69,-42.05,-42.94,-49.66,-48.66,-54.51,-46.7,-46.27,-32.34,-49.37,-51.01,-49.57,-50.63,-49.82,-39.68,-33.08,-37.26,-33.95,-47.96,-40.36,-36.0,-38.34,-33.03,-44.12,-35.74,-40.24,-43.02,-43.11,-39.04,-29.29,-44.28,-37.0,-44.25,-52.91,-44.08,-34.99,-30.85,-38.19,-35.89,-50.28,-47.45,-51.1,-23.76,-12.02,-48.23,-57.81,-22.86,-26.23,-23.03,-19.04,2.11,-23.98,-4.2,-69.9,-60.53,-53.96,-40.07,-6.92,-45.86,-47.26,-43.6,-43.92,-42.92,-34.65,-17.19,-35.97,-41.58,-48.52,-48.42,-45.43,-36.73,0.38,-52.29,-54.26,-41.79,-42.94,-41.57,-40.28,-18.76,-32.93,-35.11,-47.22,-51.46,-36.01,-36.73,-3.26,-35.39,-39.27,-45.65,-42.15,-42.26,-30.2,-24.22,-43.67,-58.2,-60.91,-52.89,-52.91,-42.6,-33.29,-62.63,-60.48,-56.47,-45.83,-23.43,-40.63,-61.48,-51.09,-52.1,-59.3,-59.09,-52.37,-40.1,-44.41,-50.12,-66.28,-69.65,-50.39,-61.38,-55.68,-53.21,-58.03,-71.71,-69.38,-72.12,-59.45,-56.51,-57.27,-59.69,-67.94,-52.32,-64.37,-77.18,-65.14,-53.96,-55.34,-70.22,-71.93,-73.45,-70.71,-53.38,-53.73,-63.32,-62.98,-72.16,-67.75,-69.47,-65.8,state
40,state,Nevada,-19.0,-18.0,-1.0,1.0,-4.0,8.0,1.0,-1.0,-14.0,-7.0,-6.0,-4.0,-15.0,-28.0,-27.0,-11.0,-10.0,-6.0,-6.0,-7.0,-11.0,-18.0,-12.0,-21.0,-31.0,-40.0,-37.0,-69.0,-94.0,-99.0,-100.0,-100.0,-100.0,-100.0,-100.0,-100.0,-100.0,-100.0,-100.0,-100.0,-100.0,-100.0,-100.0,-100.0,-100.0,-100.0,-100.0,-100.0,-100.0,-100.0,-100.0,-100.0,-100.0,-100.0,-100.0,-100.0,-100.0,-100.0,-100.0,-100.0,-100.0,-100.0,-100.0,-100.0,-100.0,-100.0,-100.0,-100.0,-100.0,-100.0,-100.0,-100.0,-100.0,-100.0,-100.0,-100.0,-100.0,-100.0,-100.0,-100.0,-100.0,-98.29,-97.5,-97.09,-96.66,-95.89,-95.03,-92.12,-90.13,-91.02,-93.14,-92.66,-88.74,-88.41,-88.28,-87.94,-89.47,-89.89,-88.23,-86.29,-87.33,-85.16,-84.84,-87.23,-88.8,-87.94,-85.0,-73.78,-63.69,-60.37,-60.45,-69.47,-65.46,-63.16,-56.19,-51.57,-46.77,-62.19,-61.39,-62.97,-59.03,-52.19,-49.21,-42.97,-35.85,-60.3,-58.96,-59.26,-55.64,-49.82,-45.91,-49.12,-58.21,-57.64,-60.72,-55.15,-42.16,-44.3,-38.56,-50.09,-53.97,-53.83,-54.72,-46.98,-43.09,-38.21,-50.07,-54.0,-51.32,-51.76,-47.63,-41.11,-45.34,-54.3,-58.44,-51.74,-51.04,-44.21,-38.27,-48.59,-59.18,-54.53,-48.56,-48.78,-41.63,-36.39,-37.82,-46.45,-52.41,-49.61,-50.24,-41.58,-35.47,-36.64,-52.46,-52.08,-49.72,-43.71,-37.84,-32.65,-31.52,-48.2,-49.88,-48.59,-45.49,-34.73,-34.31,-29.2,-47.18,-44.93,-38.93,-34.08,-30.07,-33.62,-44.34,-53.11,-37.73,-38.8,-36.6,-27.75,-16.69,2.53,-24.07,-49.7,-47.09,-41.65,-32.99,-27.27,-30.97,-46.66,-45.79,-43.47,-40.98,-29.49,-19.49,-21.33,-45.16,-53.2,-46.27,-35.8,-27.23,-22.08,-20.9,-36.68,-50.65,-49.9,-44.06,-33.37,-21.93,-23.24,-29.85,-42.89,-43.69,-36.82,-19.41,-11.94,-14.34,-35.78,-46.48,-49.85,-38.29,-24.96,-15.34,-18.86,-41.71,-46.89,-45.72,-37.2,-17.84,-9.33,-15.38,-41.01,-45.19,-21.91,-10.5,-18.89,-30.68,-24.12,-51.59,-67.42,-64.39,-52.95,-30.25,-21.18,-31.29,-48.41,-43.13,-32.72,-36.46,-26.62,-20.32,-25.4,-51.73,-50.95,-48.93,-38.2,-28.16,-19.13,-24.19,-33.7,-30.45,-32.18,-37.34,-24.04,-16.49,-7.14,-47.11,-61.89,-56.72,-50.67,-37.93,-33.53,-41.81,-56.96,-59.91,-57.94,-54.18,-42.13,state
41,state,New Hampshire,,,,,,,,,,,,,,,,,,,,,,,,,,,,,,,,,,,,,,,,,,,,,,,,,,,,,,,,,,,,,,,,,,,,,,,,,,,,,,,,,,,,,,,,,,,,,,,,,,,,,,,,,,,,,,,,,,,,,,,,,,,,,,,,,,,,,,,,,,,,,,,,,,,,,,,,,,,,,,,,,,,,,,,,,,,,,,,,,,,,,,,,,,,,,,,,,,,,,,,,,,,,,,,,,,,,,,,,,,,,,,,,,,,,,,,,,,,,,,,,,,,,,,,,,,,,,,,,,,,,,,,,,,-68.59,-24.79,-24.22,-54.32,-45.61,-28.98,-33.47,-65.32,-68.63,-57.75,-59.27,-40.83,-41.31,-38.99,-77.15,-62.67,-62.66,-64.65,-55.92,-51.36,-42.54,-41.26,-57.61,-68.07,-63.99,-51.72,-79.64,-63.63,-74.59,-73.79,-71.99,-71.28,-54.75,state
42,state,New Jersey,3.0,70.0,-4.0,-2.0,3.0,12.0,6.0,-7.0,-9.0,-8.0,1.0,3.0,10.0,-5.0,-12.0,-2.0,-4.0,-16.0,-6.0,10.0,12.0,-4.0,-14.0,-26.0,-40.0,-44.0,-56.0,-72.0,-100.0,-100.0,-100.0,-100.0,-100.0,-100.0,-100.0,-100.0,-100.0,-100.0,-100.0,-100.0,-100.0,-100.0,-100.0,-100.0,-100.0,-100.0,-100.0,-100.0,-100.0,-100.0,-100.0,-100.0,-100.0,-100.0,-100.0,-100.0,-100.0,-100.0,-100.0,-100.0,-100.0,-100.0,-100.0,-100.0,-100.0,-100.0,-100.0,-100.0,-100.0,-100.0,-100.0,-100.0,-100.0,-100.0,-100.0,-100.0,-100.0,-100.0,-100.0,-100.0,-100.0,-100.0,-100.0,-99.93,-99.82,-99.87,-99.88,-99.85,-99.77,-99.86,-99.15,-99.04,-98.89,-98.72,-99.11,-98.37,-98.73,-99.96,-99.18,-99.3,-98.42,-98.97,-97.66,-97.87,-99.15,-99.28,-99.05,-99.32,-99.14,-98.79,-97.98,-99.68,-99.51,-99.29,-99.47,-99.64,-98.61,-99.17,-45.77,-55.55,-61.88,-62.08,-60.94,-64.56,-43.53,-57.8,-56.98,-53.63,-50.71,-48.57,-61.55,-57.77,-46.9,-55.34,-64.61,-28.0,-53.61,-68.36,-54.71,-66.98,-43.96,-47.08,-29.44,-89.03,-55.76,-48.3,-45.48,-37.49,-35.56,-28.12,-45.5,-49.1,-56.06,-51.12,-42.52,-59.91,-50.34,-52.7,-46.16,-47.45,-41.11,-49.9,-34.15,-37.29,-47.24,-44.81,-48.39,-39.26,-81.54,-29.33,-40.1,-55.95,-41.23,-37.4,-40.31,-31.14,-47.35,-46.5,-33.51,-37.97,-67.01,-35.24,-28.3,-38.29,-17.63,-26.75,-34.51,-39.26,-26.9,-34.97,-10.97,-32.8,-46.68,-47.96,-33.07,-41.05,9.16,-5.17,-10.03,12.43,-21.71,27.14,90.54,-15.35,-23.92,-25.94,-16.21,-14.07,-16.41,-3.17,-16.35,-11.44,-5.53,-17.68,-20.66,-17.62,-17.19,-19.4,-3.67,-4.9,-5.99,-14.37,-10.06,-4.35,-38.82,-14.83,16.81,-13.43,-11.89,-7.27,5.67,-12.81,-1.64,-2.29,-10.1,-10.06,-26.47,-49.87,-42.74,6.26,6.88,-39.76,-13.42,-5.35,-25.53,-27.56,-21.55,-16.92,-8.11,-8.59,-13.45,-36.76,-28.39,-22.95,-21.59,-38.28,-51.25,-40.48,-34.76,-41.35,-32.3,-8.96,-6.67,-8.25,-2.28,-27.94,-0.98,-31.87,-44.82,-40.29,-32.29,-39.82,-46.48,-58.19,-56.04,-48.22,-37.34,-35.08,-41.77,-54.7,-49.67,-51.27,-66.26,-51.9,-41.95,-4.32,-31.95,-56.85,-58.93,-53.27,-55.2,-52.09,-52.54,-65.55,-69.14,-67.7,-63.78,-50.04,state
43,state,New Mexico,18.0,-3.0,5.0,8.0,-4.0,3.0,-3.0,-4.0,17.0,3.0,4.0,4.0,-2.0,-4.0,-7.0,-12.0,-19.0,-2.0,-10.0,-21.0,0.0,7.0,2.0,-10.0,-35.0,-40.0,-44.0,-47.0,-79.0,-89.0,-98.4,-100.0,-100.0,-100.0,-100.0,-100.0,-100.0,-100.0,-100.0,-100.0,-100.0,-100.0,-100.0,-100.0,-100.0,-100.0,-100.0,-100.0,-100.0,-100.0,-100.0,-100.0,-100.0,-100.0,-100.0,-100.0,-100.0,-100.0,-100.0,-100.0,-100.0,-100.0,-100.0,-100.0,-100.0,-100.0,-100.0,-100.0,-100.0,-100.0,-100.0,-100.0,-100.0,-100.0,-100.0,-100.0,-100.0,-100.0,-100.0,-100.0,-100.0,-100.0,-100.0,-99.31,-100.0,-100.0,-100.0,-100.0,-97.34,-99.36,-97.66,-99.39,-99.97,-98.84,-97.19,-99.26,-99.22,-100.0,-100.0,-99.45,-97.24,-96.5,-82.44,-81.31,-78.76,-80.58,-75.35,-73.88,-72.0,-68.51,-69.7,-66.9,-67.43,-69.14,-65.89,-62.49,-63.14,-79.32,-62.04,-62.72,-60.36,-60.56,-60.21,-56.53,-40.0,-57.24,-59.41,-54.66,-55.83,-59.03,-62.32,-59.59,-58.54,-55.32,-63.54,-48.9,-60.99,-73.05,-64.43,-65.46,-67.14,-65.63,-69.56,-62.1,-61.53,-58.26,-81.41,-78.87,-76.47,-75.41,-75.23,-74.01,-75.58,-70.97,-74.12,-73.42,-77.28,-75.09,-76.4,-76.64,-76.82,-69.36,-69.04,-67.69,-69.45,-69.97,-72.38,-70.65,-67.8,-72.36,-68.5,-62.49,-59.47,-61.72,-67.14,-66.03,-65.06,-68.8,-64.34,-66.88,-65.56,-67.85,-63.19,-60.76,-60.86,-58.3,-59.99,-59.82,-60.42,-59.24,-58.94,-57.93,-56.8,-53.69,-65.05,-71.2,-44.05,-38.37,-46.33,-36.27,-31.47,-10.82,-23.76,-61.5,-66.26,-64.38,-48.32,-47.15,-50.05,-57.28,-57.83,-45.61,-46.7,-43.11,-36.2,-42.91,-51.21,-52.51,-47.76,-50.89,-42.09,-38.86,-43.38,-67.17,-57.97,-49.12,-57.86,-56.57,-46.58,-64.11,-68.09,-66.84,-63.97,-60.43,-52.29,-46.37,-53.74,-56.12,-42.84,-47.66,-49.14,-42.83,-46.22,-51.76,-61.9,-46.24,-49.69,-54.58,-50.91,-54.88,-63.87,-80.87,-76.33,-64.69,-53.22,-57.95,-64.86,-66.91,-61.88,-69.11,-62.83,-60.93,-59.7,-64.46,-70.98,-75.91,-65.34,-53.05,-61.57,-61.24,-64.42,-55.24,-99.3,-100.0,-99.88,-98.25,-99.47,-99.54,-99.63,-99.71,-99.48,-99.42,-98.77,-99.13,-98.93,-99.73,-99.24,-99.72,-97.95,-96.7,-93.95,-92.44,-90.36,-91.72,-92.68,-92.63,-95.65,-93.01,state
45,state,New York,-1.0,11.0,1.0,-4.0,1.0,13.0,6.0,1.0,-1.0,-5.0,-2.0,-1.0,0.0,-7.0,-11.0,-9.0,-8.0,-14.0,-10.0,-2.0,-15.0,-27.0,-32.0,-49.0,-54.0,-36.0,-47.0,-58.0,-88.0,-100.0,-99.98,-99.96,-100.0,-100.0,-100.0,-100.0,-100.0,-100.0,-100.0,-100.0,-100.0,-100.0,-100.0,-100.0,-100.0,-100.0,-100.0,-100.0,-100.0,-100.0,-100.0,-100.0,-100.0,-100.0,-100.0,-100.0,-100.0,-100.0,-100.0,-100.0,-100.0,-100.0,-100.0,-100.0,-100.0,-100.0,-100.0,-100.0,-100.0,-100.0,-100.0,-100.0,-100.0,-100.0,-100.0,-100.0,-100.0,-100.0,-100.0,-100.0,-100.0,-100.0,-100.0,-99.98,-100.0,-100.0,-99.98,-99.97,-99.94,-99.95,-99.23,-99.36,-98.75,-99.11,-99.18,-98.64,-99.35,-99.66,-99.32,-98.79,-98.86,-99.24,-98.9,-98.88,-99.32,-99.33,-99.32,-98.94,-98.9,-98.41,-98.46,-99.14,-97.9,-95.58,-96.62,-92.77,-92.19,-94.19,-94.01,-92.5,-91.31,-89.98,-88.57,-88.34,-84.63,-91.01,-88.69,-86.63,-84.02,-79.53,-82.13,-82.95,-85.49,-83.41,-82.16,-68.58,-77.42,-85.08,-78.36,-84.51,-83.35,-83.03,-77.45,-87.07,-75.64,-73.75,-82.32,-80.24,-77.93,-75.93,-74.36,-70.47,-74.08,-81.29,-79.24,-83.12,-80.1,-74.16,-69.02,-73.38,-81.37,-79.69,-75.1,-75.57,-71.16,-67.11,-72.21,-79.46,-89.88,-73.82,-73.53,-71.51,-62.89,-65.72,-75.55,-73.4,-74.6,-74.14,-64.1,-60.36,-71.77,-70.71,-68.33,-68.69,-63.08,-57.53,-56.77,-60.08,-69.64,-69.16,-60.2,-71.31,-58.16,-61.82,-62.02,-70.84,-59.12,-64.02,-62.31,-53.93,-60.37,-46.43,-52.91,-74.43,-70.46,-75.67,-59.68,-55.01,-61.87,-73.0,-72.17,-66.56,-65.38,-61.74,-58.64,-60.36,-74.23,-71.03,-63.18,-63.17,-55.94,-53.26,-54.29,-68.61,-78.13,-63.78,-57.82,-56.84,-50.45,-53.26,-68.74,-65.07,-62.21,-63.77,-55.86,-50.26,-59.63,-78.84,-75.37,-57.78,-57.82,-68.62,-50.34,-50.43,-71.57,-67.65,-65.72,-64.09,-54.09,-49.24,-52.37,-76.77,-71.07,-68.03,-68.32,-66.88,-68.27,-70.29,-79.12,-80.71,-74.14,-65.4,-56.56,-49.5,-55.87,-70.7,-55.78,-69.2,-74.15,-68.76,-59.4,-68.48,-75.75,-77.59,-76.88,-74.59,-65.92,-61.77,-69.28,-82.2,-79.57,-76.55,-79.15,-75.39,-68.98,-58.46,-85.95,-82.97,-83.99,-81.12,-78.84,-76.21,-75.43,-85.85,-85.93,-84.56,-82.18,-73.66,state
46,state,North Carolina,4.0,1.0,-30.0,-1.0,4.0,2.0,-9.0,1.0,5.0,-1.0,3.0,-3.0,2.0,-7.0,-9.0,-4.0,-7.0,-1.0,-2.0,-7.0,-4.0,-9.0,-14.0,-22.0,-28.0,-56.0,-63.0,-75.0,-93.0,-92.0,-100.0,-100.0,-100.0,-100.0,-100.0,-100.0,-100.0,-100.0,-100.0,-100.0,-100.0,-100.0,-100.0,-100.0,-100.0,-100.0,-100.0,-100.0,-100.0,-100.0,-100.0,-100.0,-100.0,-100.0,-100.0,-100.0,-100.0,-100.0,-100.0,-100.0,-100.0,-100.0,-100.0,-100.0,-100.0,-100.0,-100.0,-100.0,-100.0,-100.0,-100.0,-100.0,-100.0,-100.0,-100.0,-100.0,-100.0,-100.0,-100.0,-100.0,-100.0,-100.0,-100.0,-99.91,-99.92,-99.98,-99.96,-99.97,-99.7,-99.88,-100.0,-100.0,-99.88,-99.87,-90.52,-84.16,-84.45,-79.74,-84.37,-83.44,-80.87,-77.79,-74.25,-78.06,-82.28,-82.07,-79.67,-78.13,-74.15,-71.73,-70.93,-75.88,-73.15,-70.87,-68.49,-63.67,-63.2,-78.39,-71.21,-70.89,-68.08,-64.4,-60.89,-56.11,-41.31,-65.69,-65.77,-64.1,-62.63,-61.53,-58.63,-61.42,-64.61,-59.95,-62.02,-34.23,-57.49,-72.03,-60.17,-58.76,-64.15,-63.35,-63.08,-59.81,-56.66,-58.14,-58.55,-61.85,-63.01,-59.72,-60.91,-58.81,-60.97,-61.06,-60.06,-62.71,-63.07,-57.35,-53.36,-56.05,-53.62,-56.37,-55.89,-52.33,-48.45,-49.27,-50.0,-59.79,-58.93,-54.96,-49.06,-47.99,-43.98,-48.13,-50.23,-52.3,-50.68,-52.57,-47.92,-48.34,-47.11,-52.47,-52.09,-50.64,-44.9,-47.82,-37.58,-40.53,-49.11,-48.57,-47.46,-40.76,-40.75,-38.43,-54.63,-53.26,-34.86,-41.73,-34.72,-39.11,-28.97,-11.4,-26.18,-55.85,-51.7,-47.46,-40.14,-38.78,-38.83,-47.95,-45.77,-44.7,-54.49,-41.16,-32.06,-32.19,-43.33,-43.29,-47.18,-43.13,-42.19,-31.59,-35.21,-40.05,-50.34,-34.39,-37.01,-36.39,-26.45,-30.74,-28.34,-40.02,-36.74,-37.14,-33.2,-32.6,-33.36,-39.78,-38.14,-35.87,-33.82,-34.23,-25.44,-29.51,-41.95,-41.5,-35.56,-37.12,-31.22,-24.32,-35.59,-46.23,-40.46,-35.86,-16.09,-38.88,-51.7,-41.86,-49.54,-50.37,-53.84,-43.73,-38.08,-29.97,-39.26,-55.57,-36.69,-38.31,-51.88,-34.64,-31.82,-37.09,-50.53,-53.62,-53.45,-50.16,-43.6,-34.23,-39.09,-44.76,-51.03,-51.19,-56.1,-47.9,-41.01,-46.03,-60.71,-62.12,-62.21,-60.41,-52.5,-42.42,-47.93,-66.71,-65.81,-63.3,-61.87,-53.66,state
49,state,Ohio,-8.0,1.0,-5.0,-7.0,-7.0,0.0,-8.0,-6.0,-22.0,-13.0,-15.0,-12.0,6.0,-7.0,-10.0,-6.0,-8.0,-13.0,-6.0,-6.0,-19.0,-19.0,-19.0,-29.0,-37.0,-51.0,-51.0,-100.0,-100.0,-100.0,-99.97,-100.0,-100.0,-100.0,-100.0,-100.0,-100.0,-100.0,-100.0,-100.0,-100.0,-100.0,-100.0,-100.0,-100.0,-100.0,-100.0,-100.0,-100.0,-100.0,-100.0,-100.0,-100.0,-100.0,-100.0,-100.0,-100.0,-100.0,-100.0,-100.0,-100.0,-100.0,-100.0,-100.0,-100.0,-99.99,-100.0,-100.0,-100.0,-100.0,-100.0,-100.0,-100.0,-100.0,-100.0,-100.0,-100.0,-100.0,-100.0,-100.0,-100.0,-100.0,-100.0,-99.84,-99.94,-99.96,-99.85,-97.17,-94.94,-96.96,-98.73,-97.67,-96.99,-77.28,-71.67,-69.68,-74.13,-73.48,-70.46,-64.45,-68.95,-64.41,-65.0,-73.03,-77.67,-70.65,-69.07,-65.57,-57.46,-54.97,-61.68,-66.6,-61.27,-63.17,-53.1,-46.92,-46.16,-75.49,-61.57,-53.65,-51.63,-48.21,-41.4,-42.67,-18.56,-57.15,-51.68,-50.24,-45.27,-41.07,-39.05,-47.66,-55.64,-46.01,-48.32,6.17,-45.44,-79.65,-55.26,-61.99,-60.08,-57.86,-57.69,-51.28,-46.62,-54.93,-65.47,-59.02,-59.76,-57.35,-51.12,-48.96,-57.04,-56.94,-57.16,-58.72,-54.21,-44.62,-41.1,-52.53,-64.36,-54.95,-51.92,-49.85,-40.79,-41.37,-49.7,-57.29,-53.61,-49.27,-47.3,-42.63,-37.86,-45.94,-56.01,-52.37,-48.78,-43.44,-39.72,-30.41,-40.45,-47.43,-40.28,-35.1,-31.06,-29.46,-28.03,-33.15,-45.41,-42.22,-42.26,-36.85,-33.41,-18.33,-42.27,-34.59,-20.79,-34.6,-32.1,-26.01,-23.13,-4.07,-48.24,-49.44,-44.82,-42.3,-31.54,-24.0,-37.62,-45.59,-38.62,-37.13,-37.81,-29.91,-23.18,-35.07,-43.33,-43.7,-40.79,-35.4,-26.05,-20.54,-28.18,-38.5,-39.7,-34.91,-36.89,-32.5,-18.48,-38.36,-33.77,-43.51,-36.75,-40.28,-24.33,-25.6,-35.4,-42.72,-41.88,-35.88,-42.2,-24.91,-26.78,-49.73,-53.87,-49.92,-43.84,-32.26,-31.25,-27.51,-36.69,-51.55,-48.21,-37.42,-10.93,-34.72,-59.27,-43.8,-52.08,-56.94,-50.16,-43.81,-34.5,-29.4,-39.26,-50.41,-35.49,-39.76,-53.21,-43.11,-39.15,-53.71,-61.45,-61.19,-61.94,-60.32,-58.99,-55.25,-64.41,-65.37,-62.97,-62.97,-68.12,-63.57,-42.67,-56.13,-72.03,-76.58,-69.02,-66.63,-56.19,-46.27,-60.38,-72.22,-73.06,-68.96,-67.26,-54.69,state
50,state,Oklahoma,51.0,13.0,-4.0,4.0,-2.0,-8.0,-5.0,3.0,40.0,1.0,2.0,8.0,40.0,-12.0,5.0,0.0,3.0,2.0,0.0,-10.0,0.0,-4.0,-7.0,1.0,-20.0,-29.0,-31.0,-53.0,-83.0,-70.0,-99.28,-99.29,-99.31,-100.0,-100.0,-99.9,-100.0,-100.0,-100.0,-100.0,-100.0,-100.0,-100.0,-100.0,-100.0,-100.0,-100.0,-100.0,-100.0,-100.0,-100.0,-100.0,-100.0,-100.0,-100.0,-100.0,-100.0,-100.0,-100.0,-100.0,-100.0,-100.0,-100.0,-100.0,-100.0,-100.0,-100.0,-100.0,-100.0,-100.0,-100.0,-100.0,-100.0,-90.79,-91.22,-91.09,-92.85,-92.77,-88.32,-86.79,-82.86,-82.54,-81.86,-85.04,-85.29,-79.15,-76.42,-72.86,-64.99,-73.4,-29.18,-75.65,-60.62,-70.08,-58.82,-65.18,-60.16,-69.01,-57.21,-58.27,-59.73,-48.13,-54.99,-52.74,-54.59,-54.16,-40.45,-40.43,-34.52,-31.53,-30.58,-39.53,-33.1,-19.14,-19.03,-23.44,-23.55,-61.91,-45.71,-34.57,-29.37,-35.67,-26.27,-27.16,6.03,-35.23,-37.44,-34.19,-31.55,-29.75,-33.27,-33.77,-49.92,-35.13,-33.99,41.99,-30.66,-80.19,-46.41,-49.04,-42.72,-39.09,-47.08,-41.47,-41.64,-42.93,-63.74,-50.09,-44.65,-45.89,-35.89,-40.4,-44.53,-50.98,-46.57,-37.94,-39.92,-31.71,-37.28,-44.22,-59.29,-45.32,-40.78,-39.76,-24.46,-27.18,-33.32,-50.79,-40.64,-39.57,-29.66,-26.81,-29.47,-38.26,-47.57,-36.74,-36.51,-26.59,-23.37,-25.12,-33.61,-40.09,-35.99,-37.02,-28.7,-25.59,-28.11,-36.18,-45.41,-41.59,-36.42,-25.37,-16.44,-29.05,-40.68,-53.98,-15.71,-22.47,-24.93,-23.19,-1.59,-3.37,-52.57,-44.96,-45.01,-31.05,-17.68,-9.77,-30.48,-41.94,-30.6,-32.62,-27.12,-10.17,-2.93,-23.64,-39.96,-45.51,-41.74,-25.88,-22.55,-14.68,-42.38,-32.62,-25.35,-23.04,-16.99,-12.26,-9.59,-6.61,-26.61,-21.75,-21.7,-19.99,-8.86,1.02,-18.53,-33.46,-22.15,-20.43,-22.13,-18.14,-0.53,-32.34,-38.23,-31.04,-28.54,-20.48,-10.51,-11.45,-31.07,-72.2,-67.05,-36.55,-1.19,-14.31,-46.4,-28.74,-40.94,-40.78,-24.75,-24.86,-22.82,-12.62,-41.9,-32.88,-32.65,-22.55,-36.11,-24.35,-16.89,-38.38,-48.56,-41.36,-35.42,-37.28,-32.2,-38.69,-45.75,-55.22,-45.35,-43.22,-65.78,-38.64,-18.1,-48.98,-58.71,-54.53,-56.18,-50.67,-32.16,-34.23,-45.71,-53.27,-51.46,-48.71,-50.55,-43.0,state
52,state,Oregon,4.0,-1.0,4.0,9.0,7.0,20.0,12.0,-1.0,15.0,3.0,-3.0,3.0,6.0,8.0,-8.0,-3.0,-3.0,-4.0,-7.0,0.0,-15.0,-13.0,-22.0,-33.0,-40.0,-47.0,-55.0,-61.0,-99.0,-100.0,-100.0,-100.0,-100.0,-100.0,-100.0,-100.0,-100.0,-100.0,-100.0,-100.0,-100.0,-100.0,-100.0,-100.0,-100.0,-100.0,-100.0,-100.0,-100.0,-100.0,-100.0,-100.0,-100.0,-100.0,-100.0,-100.0,-100.0,-100.0,-100.0,-100.0,-100.0,-100.0,-100.0,-100.0,-100.0,-100.0,-100.0,-100.0,-100.0,-100.0,-100.0,-100.0,-100.0,-100.0,-100.0,-100.0,-100.0,-100.0,-100.0,-100.0,-100.0,-100.0,-100.0,-99.93,-100.0,-99.69,-100.0,-98.62,-98.11,-97.71,-98.47,-97.9,-96.72,-95.9,-92.16,-92.43,-92.42,-89.76,-86.65,-86.46,-85.47,-83.63,-85.43,-84.46,-77.65,-80.17,-75.61,-74.16,-73.74,-74.99,-73.54,-73.56,-76.27,-74.61,-71.16,-74.27,-70.98,-81.96,-75.37,-74.52,-70.45,-67.72,-64.22,-62.84,-41.56,-68.18,-69.71,-65.67,-60.77,-60.42,-58.47,-61.68,-64.52,-62.07,-65.78,-45.2,-59.08,-76.91,-58.47,-65.85,-65.74,-62.98,-64.9,-62.32,-57.47,-62.59,-67.16,-63.75,-63.0,-63.7,-59.23,-56.37,-60.84,-66.69,-67.81,-65.33,-63.27,-61.66,-58.07,-62.13,-68.9,-64.85,-61.85,-61.09,-55.87,-55.66,-55.54,-63.18,-61.08,-57.45,-56.77,-54.7,-51.75,-52.26,-55.85,-55.93,-56.86,-53.57,-48.3,-51.86,-54.35,-55.84,-55.76,-53.69,-54.71,-52.33,-47.34,-45.1,-54.12,-48.28,-45.68,-44.57,-44.34,-37.91,-50.57,-50.88,-37.01,-40.59,-41.44,-40.09,-31.31,-20.08,-42.93,-60.94,-58.75,-59.95,-72.69,-66.53,-68.96,-71.07,-69.49,-61.92,-64.06,-53.75,-45.54,-39.41,-51.59,-51.43,-58.3,-46.52,-48.42,-40.95,-35.21,-40.76,-50.45,-36.34,-39.56,-39.07,-36.1,-37.45,-38.46,-44.09,-47.18,-46.86,-37.21,-42.59,-43.6,-44.54,-53.36,-48.48,-44.42,-39.19,-34.89,-38.84,-51.48,-52.63,-50.35,-51.37,-46.25,-36.12,-40.46,-50.2,-52.85,-40.77,-14.62,-39.04,-53.01,-35.8,-49.79,-66.7,-52.57,-51.01,-44.43,-45.62,-52.88,-61.96,-49.08,-44.33,-56.01,-57.22,-51.2,-49.56,-53.5,-46.75,-99.56,-99.51,-99.79,-99.3,-99.77,-99.95,-99.81,-99.32,-93.78,-99.5,-99.46,-99.8,-99.96,-99.85,-99.4,-94.21,-92.27,-90.98,-93.24,-95.43,-95.25,-94.54,-94.3,-93.17,state
53,state,Pennsylvania,3.0,63.0,0.0,-3.0,1.0,3.0,0.0,-5.0,-3.0,-3.0,1.0,1.0,30.0,3.0,-6.0,0.0,2.0,-9.0,-3.0,2.0,-7.0,-18.0,-17.0,-35.0,-44.0,-51.0,-56.0,-68.0,-100.0,-100.0,-100.0,-100.0,-100.0,-100.0,-100.0,-100.0,-100.0,-100.0,-100.0,-100.0,-100.0,-100.0,-100.0,-100.0,-100.0,-100.0,-100.0,-100.0,-100.0,-100.0,-100.0,-100.0,-100.0,-100.0,-100.0,-100.0,-100.0,-100.0,-100.0,-100.0,-100.0,-100.0,-100.0,-100.0,-100.0,-100.0,-100.0,-100.0,-100.0,-100.0,-100.0,-100.0,-100.0,-100.0,-100.0,-100.0,-100.0,-100.0,-100.0,-100.0,-100.0,-100.0,-100.0,-99.99,-100.0,-100.0,-99.9,-99.72,-99.59,-99.84,-99.86,-99.99,-99.98,-99.95,-99.79,-99.73,-99.99,-100.0,-100.0,-100.0,-99.91,-99.62,-99.48,-98.68,-99.52,-98.86,-99.24,-99.0,-90.38,-86.25,-85.71,-85.23,-84.81,-85.45,-84.92,-76.59,-72.92,-82.2,-73.69,-69.1,-70.07,-71.22,-69.24,-70.73,-56.47,-72.1,-71.2,-66.6,-65.47,-57.74,-57.29,-59.65,-61.44,-58.68,-64.04,-46.33,-63.44,-76.0,-65.91,-75.99,-68.48,-70.53,-61.42,-78.9,-59.7,-61.49,-64.9,-62.68,-62.12,-62.37,-62.71,-60.38,-65.01,-66.76,-66.32,-71.24,-65.85,-61.56,-58.07,-59.62,-65.61,-64.35,-58.98,-59.93,-57.53,-56.47,-59.26,-62.54,-71.31,-50.26,-59.98,-65.42,-49.77,-52.07,-56.58,-54.73,-61.34,-60.38,-49.31,-47.28,-54.79,-56.27,-51.27,-53.72,-48.11,-45.53,-47.02,-52.35,-51.22,-54.78,-42.56,-47.77,-52.52,-44.62,-46.3,-61.23,-25.41,-37.75,-47.05,-37.83,-43.99,-18.59,-24.55,-56.33,-52.52,-55.98,-42.54,-39.35,-50.34,-53.25,-51.86,-49.27,-49.63,-44.12,-39.97,-39.56,-53.71,-51.23,-47.02,-44.95,-40.09,-40.71,-44.27,-43.07,-58.05,-44.47,-37.06,-39.83,-34.11,-31.08,-40.3,-46.69,-38.72,-44.68,-35.72,-31.73,-44.46,-63.03,-58.14,-39.19,-39.53,-49.7,-30.26,-38.16,-54.98,-48.09,-45.64,-42.81,-34.4,-31.96,-44.15,-64.41,-56.72,-52.07,-39.59,-54.48,-62.95,-58.54,-60.05,-63.54,-57.97,-48.36,-39.63,-35.81,-41.43,-54.57,-33.64,-56.87,-61.55,-51.75,-44.55,-58.56,-67.02,-67.99,-66.9,-62.82,-58.96,-56.75,-65.9,-73.18,-70.75,-76.14,-73.97,-70.1,-62.01,-48.74,-77.21,-78.57,-77.33,-73.85,-69.91,-62.55,-69.41,-77.84,-79.11,-78.95,-73.59,-53.2,state
58,state,Rhode Island,8.0,0.0,7.0,-15.0,-6.0,24.0,14.0,-13.0,-13.0,-9.0,-2.0,21.0,-11.0,18.0,-1.0,7.0,-12.0,-2.0,-7.0,26.0,17.0,-16.0,-15.0,-31.0,-41.0,-48.0,-50.0,-53.0,-100.0,-100.0,-100.0,-100.0,-100.0,-100.0,-100.0,-100.0,-100.0,-100.0,-100.0,-100.0,-100.0,-100.0,-100.0,-100.0,-100.0,-100.0,-100.0,-100.0,-100.0,-100.0,-100.0,-100.0,-100.0,-100.0,-100.0,-100.0,-100.0,-100.0,-100.0,-100.0,-100.0,-100.0,-100.0,-100.0,-100.0,-100.0,-100.0,-100.0,-100.0,-100.0,-100.0,-100.0,-100.0,-100.0,-100.0,-100.0,-100.0,-100.0,-100.0,-100.0,-100.0,-100.0,-100.0,-100.0,-100.0,-100.0,-100.0,-100.0,-97.85,-95.15,-85.3,-85.55,-73.78,-59.18,-63.04,-88.24,-69.55,-58.02,-33.23,-33.57,-50.26,-69.94,-61.16,-41.93,-11.46,-42.6,-26.72,-1.87,-40.64,-29.02,-5.91,10.43,9.18,7.16,-29.29,-9.78,-12.17,-30.76,1.5,12.27,16.8,9.57,13.03,-10.13,11.08,1.0,8.15,-5.4,4.22,-2.23,-16.46,4.04,-15.45,-19.98,-30.9,20.1,-11.88,-29.77,7.98,35.72,15.0,-7.93,-1.96,-13.67,-7.64,4.87,1.69,3.79,12.6,15.15,-5.57,-6.92,16.75,22.74,8.31,2.44,-3.58,11.57,1.7,5.14,15.05,18.58,21.25,4.37,6.68,0.66,5.52,13.39,-32.42,8.08,3.95,1.55,-10.04,-6.42,9.94,19.66,2.59,-4.12,16.29,-6.43,-21.27,27.76,21.13,21.73,23.59,19.82,9.05,23.15,40.3,30.38,77.89,2.92,20.35,-11.85,-7.07,-5.49,80.65,42.13,69.34,70.13,41.35,114.65,197.46,54.32,42.61,8.46,17.36,13.3,19.73,20.88,12.79,27.07,29.08,11.06,9.0,20.75,28.29,3.56,30.42,28.62,26.81,7.3,9.1,7.65,0.28,-1.09,32.57,-1.83,0.2,26.89,32.78,7.63,5.44,24.73,11.89,16.31,1.41,-22.17,-31.86,11.59,22.1,-19.71,-8.5,-1.28,-14.98,-18.02,-7.38,15.1,8.11,4.43,27.92,-29.81,-15.35,-8.58,28.66,-40.25,-48.91,-31.93,-49.11,-36.29,-32.84,-21.27,-1.61,6.83,-15.2,-24.2,51.48,36.2,-27.56,-26.91,-17.76,-14.87,-23.92,-45.24,-48.67,-40.9,-29.77,-25.31,-21.77,-51.0,-36.55,-40.14,-62.02,-50.39,-36.48,20.95,-56.02,-51.98,-63.79,-62.6,-55.23,-74.82,-48.09,-61.71,-68.18,-64.91,-68.53,-54.33,state
60,state,South Carolina,8.0,-2.0,-11.0,0.0,10.0,4.0,3.0,2.0,6.0,8.0,11.0,5.0,8.0,1.0,-8.0,-7.0,-7.0,3.0,3.0,-5.0,-7.0,-14.0,-7.0,-16.0,-19.0,-21.0,-31.0,-48.0,-70.0,-100.0,-100.0,-100.0,-100.0,-100.0,-100.0,-100.0,-100.0,-100.0,-100.0,-100.0,-100.0,-100.0,-100.0,-100.0,-100.0,-100.0,-100.0,-100.0,-100.0,-100.0,-100.0,-100.0,-100.0,-100.0,-100.0,-100.0,-100.0,-100.0,-100.0,-100.0,-100.0,-100.0,-100.0,-100.0,-100.0,-100.0,-100.0,-100.0,-100.0,-100.0,-100.0,-100.0,-100.0,-100.0,-100.0,-100.0,-94.44,-95.29,-94.25,-94.35,-94.39,-90.57,-88.99,-85.71,-83.57,-77.64,-76.35,-69.32,-66.81,-67.61,-72.77,-71.85,-68.64,-62.95,-57.91,-57.78,-62.22,-56.11,-57.07,-61.79,-63.16,-56.09,-55.73,-68.4,-58.48,-51.13,-51.1,-51.16,-51.33,-44.98,-52.21,-49.28,-44.44,-47.94,-46.04,-44.84,-41.94,-63.76,-43.74,-45.13,-40.01,-43.09,-43.1,-36.13,-34.03,-47.59,-46.47,-51.14,-50.66,-44.15,-50.39,-59.36,-55.4,-58.09,-62.18,-47.64,-56.57,-65.55,-52.53,-53.09,-55.71,-52.2,-53.74,-49.89,-48.03,-60.0,-61.83,-57.31,-56.86,-57.5,-54.76,-55.78,-57.78,-63.95,-57.61,-59.21,-59.23,-54.57,-53.15,-53.73,-55.47,-50.29,-54.43,-48.96,-48.54,-50.64,-51.83,-75.63,-53.49,-53.72,-54.21,-49.55,-45.76,-52.74,-50.71,-50.67,-52.84,-49.54,-44.83,-42.92,-45.59,-52.92,-49.95,-49.73,-46.61,-40.63,-34.69,-41.39,-45.87,-40.92,-40.79,-32.92,-35.15,-33.98,-58.88,-12.5,47.29,47.95,75.29,31.7,40.57,68.91,7.85,-29.66,-32.26,-31.68,-29.32,-25.39,-34.51,-34.34,-32.88,-35.89,-44.92,-31.23,-25.9,-30.95,-37.05,-31.42,-29.63,-34.95,-31.87,-30.25,-30.8,-40.21,-36.99,-28.19,-29.0,-29.51,-23.9,-30.95,-7.97,-33.74,-30.01,-34.22,-27.57,-25.44,-30.31,-36.2,-31.02,-27.12,-31.48,-26.17,-13.87,-26.35,-30.74,-31.87,-32.64,-32.51,-21.01,-14.57,-19.21,-35.32,-21.65,-19.94,-18.26,-27.1,-40.74,-37.62,-39.14,-44.96,-45.14,-37.52,-26.15,-21.08,-33.98,-49.48,-29.56,-15.97,-30.37,-12.08,1.28,-27.78,-31.85,-38.86,-40.65,-36.39,-23.68,-20.7,-29.66,-31.38,-35.17,-43.88,-41.39,-36.78,-20.89,-28.05,-35.84,-47.76,-45.32,-40.11,-35.04,-23.61,-32.22,-43.79,-43.79,-44.84,-38.21,-21.17,state
61,state,Tennessee,1.0,8.0,-9.0,3.0,7.0,-14.0,-9.0,-7.0,-11.0,-1.0,0.0,-2.0,-6.0,-6.0,-16.0,-1.0,-4.0,-1.0,2.0,-7.0,-17.0,-16.0,-22.0,-28.0,-34.0,-41.0,-46.0,-60.0,-86.0,-92.0,-93.83,-98.04,-99.31,-99.61,-100.0,-100.0,-100.0,-100.0,-100.0,-100.0,-100.0,-100.0,-100.0,-100.0,-100.0,-100.0,-100.0,-100.0,-100.0,-100.0,-100.0,-100.0,-100.0,-100.0,-100.0,-100.0,-100.0,-100.0,-100.0,-100.0,-100.0,-100.0,-100.0,-100.0,-100.0,-100.0,-100.0,-100.0,-100.0,-96.91,-97.63,-97.11,-97.54,-95.2,-96.04,-96.05,-92.67,-93.44,-91.92,-91.7,-90.2,-88.42,-87.0,-85.56,-87.49,-84.79,-84.19,-79.36,-78.09,-82.38,-79.54,-78.24,-76.61,-75.02,-71.49,-73.34,-76.08,-68.46,-72.21,-71.0,-67.93,-62.34,-62.85,-69.34,-70.4,-70.38,-67.38,-67.43,-61.06,-62.92,-65.01,-69.39,-62.97,-58.01,-58.12,-51.12,-49.94,-74.21,-59.66,-59.95,-58.69,-60.22,-54.76,-51.38,-27.9,-56.33,-57.6,-59.93,-53.66,-51.41,-45.95,-53.03,-59.87,-56.66,-57.83,-39.91,-49.91,-67.79,-49.28,-58.87,-61.53,-58.86,-61.09,-57.53,-56.16,-58.94,-65.81,-66.4,-65.2,-65.35,-58.33,-55.7,-58.84,-64.07,-61.18,-62.66,-62.53,-55.65,-54.91,-57.71,-62.71,-58.27,-53.54,-54.99,-52.21,-50.13,-49.6,-57.47,-55.88,-54.38,-55.45,-47.66,-44.16,-51.55,-53.36,-51.01,-48.35,-53.0,-45.61,-41.8,-42.81,-50.32,-54.3,-47.68,-49.14,-40.65,-37.36,-43.0,-49.54,-46.31,-43.88,-44.42,-45.41,-37.63,-61.88,-57.53,-41.7,-42.63,-42.65,-33.03,-17.26,-4.4,-25.56,-61.25,-54.36,-47.39,-40.03,-35.7,-42.68,-46.89,-49.19,-43.48,-48.02,-38.57,-24.33,-31.14,-48.4,-48.79,-47.94,-46.36,-34.58,-33.79,-35.91,-54.24,-48.13,-37.94,-44.15,-35.88,-26.15,-36.24,-33.39,-44.46,-41.76,-40.23,-31.53,-32.84,-30.03,-35.44,-38.51,-40.01,-36.02,-27.12,-22.54,-31.1,-46.53,-46.81,-40.31,-40.13,-27.18,-23.22,-30.56,-47.49,-46.04,-39.1,-15.02,-32.25,-45.95,-30.61,-44.38,-53.17,-49.17,-39.91,-28.81,-25.88,-31.44,-52.14,-45.74,-31.76,-41.9,-29.77,-26.54,-29.19,-52.83,-50.93,-49.33,-46.32,-29.92,-24.42,-33.23,-37.53,-39.77,-45.58,-50.21,-43.92,-26.47,-42.56,-55.51,-57.69,-57.43,-51.04,-41.91,-33.57,-38.61,-55.99,-55.03,-54.5,-53.93,-42.34,state
62,state,Texas,0.0,-6.0,0.0,2.0,1.0,-3.0,0.0,9.0,0.0,0.0,4.0,6.0,7.0,-2.0,-9.0,-8.0,1.0,2.0,-3.0,-5.0,-21.0,-14.0,-14.0,-25.0,-35.0,-34.0,-42.0,-58.0,-90.0,-95.0,-99.03,-99.33,-100.0,-100.0,-100.0,-100.0,-99.9,-100.0,-100.0,-100.0,-100.0,-100.0,-100.0,-99.96,-99.97,-100.0,-100.0,-100.0,-100.0,-99.95,-100.0,-100.0,-99.89,-99.96,-100.0,-99.95,-100.0,-100.0,-100.0,-99.95,-100.0,-100.0,-100.0,-100.0,-100.0,-100.0,-100.0,-99.96,-100.0,-99.92,-99.89,-99.99,-99.65,-85.47,-87.47,-89.14,-89.81,-86.09,-87.8,-87.43,-82.47,-82.68,-83.05,-83.04,-84.01,-82.79,-80.88,-77.11,-74.98,-75.03,-79.08,-76.76,-73.17,-69.25,-64.16,-63.16,-67.35,-60.81,-64.45,-61.94,-61.99,-54.89,-54.87,-58.94,-64.19,-63.89,-56.84,-55.14,-49.17,-46.21,-49.15,-59.1,-55.26,-51.19,-49.69,-43.78,-44.93,-68.69,-52.5,-55.22,-53.45,-53.4,-44.32,-41.55,-9.39,-58.51,-61.61,-60.48,-61.39,-58.43,-54.77,-60.8,-65.86,-64.24,-65.92,-48.47,-56.42,-75.42,-61.56,-65.23,-67.9,-66.77,-65.51,-59.42,-58.76,-60.48,-68.28,-67.59,-65.02,-62.98,-57.93,-54.1,-55.37,-66.97,-65.11,-64.86,-61.2,-54.41,-54.15,-52.57,-60.83,-61.79,-58.41,-52.81,-48.15,-44.36,-46.79,-58.25,-56.02,-54.56,-51.49,-46.07,-41.5,-45.47,-53.24,-53.15,-52.27,-49.02,-41.6,-36.9,-36.89,-51.06,-52.77,-49.78,-47.82,-38.28,-32.65,-34.95,-49.97,-51.71,-53.2,-42.6,-33.62,-27.48,-49.33,-58.57,-23.58,-34.62,-35.22,-28.99,-13.83,4.19,-6.06,-56.22,-52.05,-43.48,-28.06,-22.93,-24.0,-47.67,-43.92,-36.93,-23.36,-23.72,-16.12,-24.93,-55.68,-58.19,-45.79,-38.33,-21.66,-20.02,-19.91,-39.53,-40.46,-31.72,-29.92,-21.25,-14.41,-14.18,-38.19,-40.87,-41.46,-32.26,-22.17,-7.88,-15.81,-37.19,-39.68,-39.02,-33.04,-20.93,-15.17,-18.37,-45.89,-41.42,-36.94,-34.11,-16.82,-11.33,-23.87,-49.53,-47.2,-32.01,-7.28,-23.65,-41.67,-23.63,-45.37,-51.37,-44.76,-34.59,-25.26,-18.04,-30.69,-47.33,-41.63,-28.15,-31.88,-27.68,-17.79,-20.75,-49.32,-48.33,-44.37,-37.09,-28.4,-20.56,-27.53,-42.05,-36.94,-36.47,-46.37,-38.59,-38.99,-31.75,-52.56,-53.69,-54.12,-47.05,-36.5,-29.25,-31.85,-56.41,-54.02,-52.19,-48.65,-43.6,state
63,state,Utah,0.0,3.0,2.0,4.0,5.0,4.0,4.0,13.0,15.0,1.0,1.0,-1.0,-12.0,-13.0,-6.0,-5.0,-3.0,8.0,0.0,-13.0,-18.0,-19.0,-11.0,-19.0,-28.0,-34.0,-53.0,-69.0,-69.0,-82.0,-100.0,-100.0,-100.0,-100.0,-100.0,-100.0,-100.0,-100.0,-100.0,-100.0,-100.0,-100.0,-100.0,-100.0,-100.0,-100.0,-100.0,-100.0,-100.0,-100.0,-100.0,-100.0,-100.0,-100.0,-100.0,-100.0,-100.0,-100.0,-100.0,-100.0,-100.0,-100.0,-100.0,-100.0,-100.0,-100.0,-100.0,-100.0,-100.0,-100.0,-100.0,-100.0,-100.0,-98.44,-97.8,-98.16,-95.86,-94.04,-95.33,-93.92,-91.13,-91.58,-91.3,-90.21,-87.84,-88.09,-88.24,-82.56,-81.83,-83.25,-83.9,-82.81,-82.53,-80.2,-75.84,-75.9,-78.14,-79.73,-74.13,-74.31,-74.96,-71.74,-72.64,-80.25,-77.94,-72.68,-74.77,-67.83,-63.03,-62.68,-58.36,-70.36,-66.34,-63.59,-60.44,-56.61,-52.93,-68.5,-55.95,-61.89,-62.37,-54.94,-53.22,-48.81,-36.28,-57.67,-58.09,-56.54,-57.76,-50.17,-49.53,-56.95,-60.66,-58.77,-65.42,-47.86,-54.03,-76.51,-50.56,-45.89,-55.73,-59.3,-56.52,-52.6,-47.27,-53.31,-62.59,-62.52,-56.76,-61.1,-51.86,-46.98,-48.97,-55.58,-54.92,-53.1,-49.43,-44.32,-38.15,-41.61,-56.02,-52.12,-48.74,-43.03,-40.75,-33.27,-34.17,-52.89,-51.0,-43.26,-40.64,-33.84,-33.98,-36.03,-43.61,-42.38,-40.73,-39.61,-35.81,-28.11,-36.52,-38.74,-35.14,-28.54,-27.02,-27.36,-25.92,-31.22,-40.78,-42.4,-33.18,-24.5,-26.98,-27.22,-47.37,-50.9,-22.89,-32.48,-20.66,-21.71,-11.14,15.54,-22.55,-50.61,-50.06,-38.97,-30.99,-25.92,-19.75,-32.7,-34.69,-34.53,-32.01,-24.14,-25.08,-25.6,-48.17,-54.81,-52.2,-29.98,-29.72,-22.29,-8.04,-35.75,-40.28,-35.21,-31.86,-29.24,-25.21,-13.46,-26.15,-35.9,-35.51,-10.81,-19.11,-10.27,-20.13,-33.82,-37.43,-37.53,-37.51,-33.73,-11.37,-23.54,-47.46,-40.47,-37.06,-32.27,-33.52,-26.41,-24.73,-57.15,-47.53,-38.25,-13.55,-40.65,-59.08,-31.13,-60.9,-59.69,-56.1,-47.67,-41.09,-41.33,-44.04,-71.96,-58.79,-53.8,-56.36,-55.47,-47.35,-50.18,-63.8,-59.97,-65.83,-59.44,-49.4,-41.7,-31.36,-50.16,-39.66,-37.2,-59.03,-35.9,-42.86,-40.94,-69.41,-60.6,-65.91,-54.41,-41.73,-43.61,-46.64,-69.32,-62.21,-54.39,-53.73,-47.6,state
66,state,Washington,9.0,8.0,6.0,3.0,2.0,10.0,-1.0,-2.0,5.0,0.0,1.0,-4.0,-12.0,-25.0,-21.0,-17.0,-22.0,-24.0,-27.0,-22.0,-30.0,-38.0,-41.0,-45.0,-53.0,-54.0,-57.0,-70.0,-100.0,-100.0,-100.0,-100.0,-100.0,-100.0,-100.0,-100.0,-100.0,-100.0,-100.0,-100.0,-100.0,-100.0,-100.0,-100.0,-100.0,-100.0,-100.0,-100.0,-100.0,-100.0,-100.0,-100.0,-100.0,-100.0,-100.0,-100.0,-100.0,-100.0,-100.0,-100.0,-100.0,-100.0,-100.0,-100.0,-100.0,-100.0,-100.0,-100.0,-100.0,-100.0,-100.0,-100.0,-100.0,-100.0,-100.0,-100.0,-100.0,-100.0,-100.0,-100.0,-100.0,-100.0,-100.0,-99.98,-99.82,-99.87,-99.64,-99.72,-99.23,-99.09,-99.72,-99.14,-99.22,-99.02,-99.28,-98.81,-99.03,-98.31,-98.03,-98.1,-97.12,-95.96,-97.16,-97.27,-96.19,-95.61,-93.65,-94.43,-92.67,-91.51,-90.43,-88.82,-88.16,-84.19,-83.46,-81.03,-78.95,-86.07,-82.85,-78.69,-74.66,-74.55,-72.23,-70.83,-60.28,-69.15,-74.11,-72.77,-71.07,-72.24,-73.27,-73.14,-75.53,-74.18,-75.22,-63.48,-69.8,-82.5,-70.01,-73.32,-75.64,-71.2,-75.76,-72.0,-70.53,-71.86,-71.51,-72.78,-68.52,-71.94,-71.2,-68.16,-69.07,-71.87,-70.72,-74.1,-75.16,-69.97,-64.26,-68.69,-70.89,-71.33,-68.85,-69.62,-69.29,-66.13,-67.53,-71.94,-70.63,-68.52,-71.0,-64.19,-63.29,-64.2,-69.02,-69.93,-70.59,-68.88,-61.32,-60.3,-64.32,-65.15,-67.41,-63.62,-64.34,-61.7,-56.09,-60.18,-63.93,-62.41,-59.2,-57.13,-53.0,-54.88,-64.43,-66.98,-47.34,-52.82,-50.6,-52.88,-48.54,-34.54,-38.39,-64.17,-60.54,-62.1,-60.98,-62.01,-61.26,-64.53,-64.04,-63.52,-59.37,-56.52,-52.94,-52.0,-58.36,-54.79,-63.05,-57.55,-52.72,-49.6,-47.15,-52.74,-59.37,-46.26,-45.03,-48.21,-50.58,-57.5,-49.69,-50.41,-55.66,-53.55,-45.79,-43.79,-57.49,-52.58,-56.86,-49.19,-48.24,-46.44,-44.19,-50.57,-58.9,-57.32,-55.06,-56.95,-45.66,-40.78,-52.19,-61.62,-60.95,-53.27,-41.11,-46.22,-59.21,-54.71,-60.54,-74.24,-64.07,-62.27,-46.71,-44.7,-57.66,-70.38,-60.41,-39.8,-56.88,-50.44,-48.74,-48.25,-50.01,-58.2,-95.3,-95.17,-89.79,-85.71,-90.04,-95.66,-92.99,-90.3,-88.25,-86.66,-87.34,-89.0,-96.36,-94.99,-92.74,-93.32,-88.06,-84.8,-89.69,-95.75,-94.63,-93.33,-92.15,-89.14,state
67,state,Wisconsin,3.0,21.0,-1.0,-3.0,14.0,25.0,0.0,9.0,-4.0,-1.0,9.0,3.0,5.0,8.0,9.0,12.0,-7.0,-7.0,-6.0,15.0,-10.0,1.0,0.0,-14.0,-26.0,-39.0,-47.0,-67.0,-96.0,-100.0,-100.0,-100.0,-100.0,-100.0,-100.0,-100.0,-100.0,-100.0,-100.0,-100.0,-100.0,-100.0,-100.0,-100.0,-100.0,-100.0,-100.0,-100.0,-100.0,-100.0,-99.81,-100.0,-100.0,-100.0,-100.0,-100.0,-100.0,-100.0,-100.0,-100.0,-100.0,-100.0,-100.0,-100.0,-100.0,-100.0,-100.0,-100.0,-100.0,-100.0,-100.0,-100.0,-100.0,-100.0,-100.0,-100.0,-100.0,-100.0,-100.0,-100.0,-100.0,-100.0,-100.0,-100.0,-100.0,-100.0,-100.0,-99.37,-97.33,-98.49,-98.71,-97.43,-94.96,-90.43,-88.7,-87.62,-85.0,-77.01,-81.49,-78.19,-83.38,-80.28,-80.02,-84.23,-85.7,-86.68,-80.95,-78.65,-72.0,-71.47,-70.51,-72.2,-78.05,-74.78,-62.45,-60.68,-59.71,-78.79,-59.5,-58.46,-55.58,-55.12,-50.58,-50.53,-28.58,-60.24,-59.56,-53.0,-49.2,-57.26,-47.55,-49.07,-67.14,-53.23,-54.83,-23.36,-49.03,-66.16,-48.1,-50.1,-58.37,-58.52,-63.04,-45.45,-43.39,-47.26,-54.79,-61.17,-68.73,-51.13,-49.2,-47.91,-53.82,-62.02,-62.81,-57.35,-54.95,-49.55,-47.18,-56.47,-48.95,-54.27,-53.51,-45.21,-46.97,-43.92,-57.56,-58.84,-55.67,-47.86,-47.25,-45.93,-39.99,-48.69,-64.05,-49.25,-47.64,-40.22,-39.24,-41.81,-40.27,-47.62,-46.45,-44.7,-41.33,-36.89,-32.41,-35.61,-45.2,-40.04,-40.23,-30.24,-30.93,-29.51,-47.68,-45.47,-13.75,-22.04,-3.2,-21.63,-20.05,-4.85,-9.83,-71.42,-65.86,-48.51,-50.91,-45.54,-39.72,-54.51,-45.13,-33.64,-45.18,-44.96,-38.41,-50.19,-57.06,-52.45,-48.01,-43.39,-42.78,-42.67,-53.47,-59.71,-62.1,-54.8,-53.3,-51.33,-50.26,-51.98,-53.52,-53.18,-55.41,-54.12,-37.44,-43.31,-52.62,-63.02,-56.51,-56.42,-54.46,-53.71,-48.75,-57.09,-68.6,-67.38,-63.63,-61.97,-54.3,-37.21,-58.57,-68.67,-69.5,-50.82,-31.47,-54.34,-69.25,-67.42,-73.38,-68.79,-50.79,-58.81,-52.03,-47.25,-53.46,-58.76,-70.69,-68.6,-66.53,-62.37,-62.67,-70.88,-78.3,-74.39,-73.17,-69.95,-64.15,-61.15,-69.88,-72.35,-73.33,-70.77,-71.97,-65.94,-55.36,-59.06,-73.38,-76.1,-70.76,-70.44,-61.2,-54.07,-69.8,-71.64,-75.36,-70.78,-66.43,-64.58,state
